time,tas_box,pr_box,spei_4_box,jet_speed_djf,jet_lat_djf,jet_speed_jja,jet_lat_jja,discharge
1950-12-01 00:00:00,270.33206,2.2981002,-0.2528757783081343,5.893496139127955,49.27258107945727,4.3467360206816155,50.207620301747234,1360.225806451613
1951-01-01 00:00:00,272.47186,2.9062533,-0.20257421754318206,5.893496139127955,49.27258107945727,4.3467360206816155,50.207620301747234,1349.0967741935483
1951-02-01 00:00:00,273.87698,2.599887,0.2543822308973901,5.893496139127955,49.27258107945727,4.3467360206816155,50.207620301747234,1446.75
1951-03-01 00:00:00,274.59225,2.700006,-0.33721502255523617,5.893496139127955,49.27258107945727,4.3467360206816155,50.207620301747234,1642.8387096774193
1951-04-01 00:00:00,279.84055,1.8814876,-0.514292901061844,5.893496139127955,49.27258107945727,4.3467360206816155,50.207620301747234,1775.9666666666667
1951-05-01 00:00:00,283.94925,3.0852988,-0.4381474505856002,5.893496139127955,49.27258107945727,4.3467360206816155,50.207620301747234,2775.25
1951-06-01 00:00:00,287.72388,3.7064154,0.02713237890306748,5.893496139127955,49.27258107945727,3.699004472595601,51.23794700003491,2827.5666666666666
1951-07-01 00:00:00,289.9624,2.8557067,0.09099421203393021,5.893496139127955,49.27258107945727,3.699004472595601,51.23794700003491,2402.2580645161293
1951-08-01 00:00:00,290.45035,2.899372,0.49143750370396505,5.893496139127955,49.27258107945727,3.699004472595601,51.23794700003491,1798.0967741935483
1951-09-01 00:00:00,287.55508,1.9604646,0.047188447329458094,5.893496139127955,49.27258107945727,3.699004472595601,51.23794700003491,1189.8666666666666
1951-10-01 00:00:00,280.0586,0.8263044,-1.1607408437377142,5.893496139127955,49.27258107945727,3.699004472595601,51.23794700003491,821.1290322580645
1951-11-01 00:00:00,278.07297,4.030132,-0.671963809386045,5.893496139127955,49.27258107945727,3.699004472595601,51.23794700003491,946.1333333333333
1951-12-01 00:00:00,272.90393,1.2882421,-1.3363517898926993,5.707800651982227,46.808863018659984,3.699004472595601,51.23794700003491,1128.1935483870968
1952-01-01 00:00:00,270.68655,2.5533998,-1.0969980539241215,5.707800651982227,46.808863018659984,3.699004472595601,51.23794700003491,1051.032258064516
1952-02-01 00:00:00,270.64755,2.5166123,-0.3864118914655283,5.707800651982227,46.808863018659984,3.699004472595601,51.23794700003491,1011.3870967741935
1952-03-01 00:00:00,274.2266,2.8840492,-0.8716050612339952,5.707800651982227,46.808863018659984,3.699004472595601,51.23794700003491,2837.121212121212
1952-04-01 00:00:00,282.5321,2.0879078,-0.533709752254847,5.707800651982227,46.808863018659984,3.699004472595601,51.23794700003491,3381.766666666667
1952-05-01 00:00:00,284.4904,2.4245522,-0.5884651199464475,5.707800651982227,46.808863018659984,3.699004472595601,51.23794700003491,2535.6129032258063
1952-06-01 00:00:00,288.54053,2.915548,-0.4188533293519104,5.707800651982227,46.808863018659984,4.158629784739696,54.38897576405671,2681.9
1952-07-01 00:00:00,291.8588,1.8005003,-0.8773755458333035,5.707800651982227,46.808863018659984,4.158629784739696,54.38897576405671,1649.9032258064517
1952-08-01 00:00:00,291.22308,2.290224,-0.7924960112653008,5.707800651982227,46.808863018659984,4.158629784739696,54.38897576405671,1360.7096774193549
1952-09-01 00:00:00,283.23642,3.8119407,-0.20439363295677407,5.707800651982227,46.808863018659984,4.158629784739696,54.38897576405671,1481.3666666666666
1952-10-01 00:00:00,279.54733,3.4643686,0.024588539473963382,5.707800651982227,46.808863018659984,4.158629784739696,54.38897576405671,1553.15625
1952-11-01 00:00:00,273.67484,3.509998,0.6856422915567961,5.707800651982227,46.808863018659984,4.158629784739696,54.38897576405671,2180.633333333333
1952-12-01 00:00:00,270.66434,2.3843386,0.7190197366540491,6.549605185168743,54.953274770493735,4.158629784739696,54.38897576405671,1941.5483870967741
1953-01-01 00:00:00,269.55798,1.4263868,-0.21835941838539258,6.549605185168743,54.953274770493735,4.158629784739696,54.38897576405671,1135.5806451612902
1953-02-01 00:00:00,271.23578,1.6282368,-0.993701505874306,6.549605185168743,54.953274770493735,4.158629784739696,54.38897576405671,1261.392857142857
1953-03-01 00:00:00,276.47745,0.63288975,-2.102591341096743,6.549605185168743,54.953274770493735,4.158629784739696,54.38897576405671,1446.6774193548388
1953-04-01 00:00:00,281.4377,2.6869497,-1.9935375348597788,6.549605185168743,54.953274770493735,4.158629784739696,54.38897576405671,1801.4
1953-05-01 00:00:00,285.01926,2.712162,-1.5111719565660664,6.549605185168743,54.953274770493735,4.158629784739696,54.38897576405671,2014.8064516129032
1953-06-01 00:00:00,288.22922,4.892927,-0.15948930482950838,6.549605185168743,54.953274770493735,3.9840771333615868,50.77842912859767,2252.0666666666666
1953-07-01 00:00:00,290.66425,4.3338876,1.1911864344413967,6.549605185168743,54.953274770493735,3.9840771333615868,50.77842912859767,3052.90625
1953-08-01 00:00:00,288.96304,1.9566686,0.9644871350601205,6.549605185168743,54.953274770493735,3.9840771333615868,50.77842912859767,2133.8387096774195
1953-09-01 00:00:00,286.64484,1.9646952,0.7110831414836358,6.549605185168743,54.953274770493735,3.9840771333615868,50.77842912859767,1104.0666666666666
1953-10-01 00:00:00,282.6838,1.9222919,-0.47605541966943293,6.549605185168743,54.953274770493735,3.9840771333615868,50.77842912859767,925.5483870967741
1953-11-01 00:00:00,275.39746,0.51692355,-1.9985747455032543,6.549605185168743,54.953274770493735,3.9840771333615868,50.77842912859767,758.5333333333333
1953-12-01 00:00:00,273.31265,0.9281656,-2.363321221867812,4.018034086869436,56.59628503632398,3.9840771333615868,50.77842912859767,608.65625
1954-01-01 00:00:00,266.89346,2.485967,-2.1804199837790823,4.018034086869436,56.59628503632398,3.9840771333615868,50.77842912859767,1025.09375
1954-02-01 00:00:00,267.49634,1.0050439,-2.499998394584124,4.018034086869436,56.59628503632398,3.9840771333615868,50.77842912859767,830.4642857142857
1954-03-01 00:00:00,276.75827,1.6152163,-2.1159865752094604,4.018034086869436,56.59628503632398,3.9840771333615868,50.77842912859767,1190.1612903225807
1954-04-01 00:00:00,278.06973,3.389001,-1.1796709740674736,4.018034086869436,56.59628503632398,3.9840771333615868,50.77842912859767,1734.5333333333333
1954-05-01 00:00:00,283.96768,3.747722,-0.6547156992558669,4.018034086869436,56.59628503632398,3.9840771333615868,50.77842912859767,2597.2258064516127
1954-06-01 00:00:00,288.90497,3.771703,0.4827112454538388,4.018034086869436,56.59628503632398,4.801861746042305,50.104790649086205,2482.5333333333333
1954-07-01 00:00:00,287.58362,5.3206687,1.6235360319149557,4.018034086869436,56.59628503632398,4.801861746042305,50.104790649086205,5113.5
1954-08-01 00:00:00,288.72485,3.4401503,1.6360174777641356,4.018034086869436,56.59628503632398,4.801861746042305,50.104790649086205,2107.548387096774
1954-09-01 00:00:00,286.62848,3.164656,1.4892100161985353,4.018034086869436,56.59628503632398,4.801861746042305,50.104790649086205,1632.3333333333333
1954-10-01 00:00:00,281.16867,2.0436325,0.9882112251117242,4.018034086869436,56.59628503632398,4.801861746042305,50.104790649086205,2300.1935483870966
1954-11-01 00:00:00,275.36896,1.1879392,-0.6210453323148728,4.018034086869436,56.59628503632398,4.801861746042305,50.104790649086205,1508.5
1954-12-01 00:00:00,274.09906,3.415521,-0.6314945391148378,3.2098583972406414,55.58380642820507,4.801861746042305,50.104790649086205,1676.516129032258
1955-01-01 00:00:00,269.94534,1.926313,-1.1479026584205463,3.2098583972406414,55.58380642820507,4.801861746042305,50.104790649086205,2147.3548387096776
1955-02-01 00:00:00,270.70853,2.8950236,-0.7950322983058477,3.2098583972406414,55.58380642820507,4.801861746042305,50.104790649086205,1721.0357142857142
1955-03-01 00:00:00,272.9404,1.7384659,-0.5620386854490206,3.2098583972406414,55.58380642820507,4.801861746042305,50.104790649086205,1696.8064516129032
1955-04-01 00:00:00,278.67966,2.253037,-1.0498851965194476,3.2098583972406414,55.58380642820507,4.801861746042305,50.104790649086205,2910.733333333333
1955-05-01 00:00:00,283.2429,3.2894542,-0.47672000628160816,3.2098583972406414,55.58380642820507,4.801861746042305,50.104790649086205,2822.2258064516127
1955-06-01 00:00:00,287.3693,3.763461,-0.10940081487348531,3.2098583972406414,55.58380642820507,1.988568896176616,60.21714074172627,2988.4666666666667
1955-07-01 00:00:00,289.69916,4.9062877,1.0652456320332784,3.2098583972406414,55.58380642820507,1.988568896176616,60.21714074172627,4039.3125
1955-08-01 00:00:00,288.7217,3.3620508,1.389014712516773,3.2098583972406414,55.58380642820507,1.988568896176616,60.21714074172627,2891.451612903226
1955-09-01 00:00:00,285.71347,2.4264185,1.1408970731933241,3.2098583972406414,55.58380642820507,1.988568896176616,60.21714074172627,1834.2
1955-10-01 00:00:00,280.00842,1.9580877,0.531161103904531,3.2098583972406414,55.58380642820507,1.988568896176616,60.21714074172627,1338.1290322580646
1955-11-01 00:00:00,274.91302,1.1744705,-1.0052566027897454,3.2098583972406414,55.58380642820507,1.988568896176616,60.21714074172627,1090.1
1955-12-01 00:00:00,273.73978,2.3036077,-1.4321823207510371,5.169511232551854,46.7395086219339,1.988568896176616,60.21714074172627,1380.5625
1956-01-01 00:00:00,271.60532,1.7799658,-1.6815125218670468,5.169511232551854,46.7395086219339,1.988568896176616,60.21714074172627,1461.225806451613
1956-02-01 00:00:00,261.73465,1.194128,-1.965281753441275,5.169511232551854,46.7395086219339,1.988568896176616,60.21714074172627,1084.2666666666667
1956-03-01 00:00:00,274.0587,2.3073869,-1.5402870625726917,5.169511232551854,46.7395086219339,1.988568896176616,60.21714074172627,2767.6875
1956-04-01 00:00:00,278.41,3.4540317,-1.0816565665637812,5.169511232551854,46.7395086219339,1.988568896176616,60.21714074172627,1899.1000000000001
1956-05-01 00:00:00,284.75635,2.5074399,-0.7789567286233813,5.169511232551854,46.7395086219339,1.988568896176616,60.21714074172627,2401.6129032258063
1956-06-01 00:00:00,286.22827,4.5618114,0.5968303781286053,5.169511232551854,46.7395086219339,4.135331753257892,50.258653501281316,3221.633333333333
1956-07-01 00:00:00,289.9569,3.652578,1.0538633013081566,5.169511232551854,46.7395086219339,4.135331753257892,50.258653501281316,2622.8064516129034
1956-08-01 00:00:00,288.25208,3.8789928,1.1837242439792992,5.169511232551854,46.7395086219339,4.135331753257892,50.258653501281316,2489.5806451612902
1956-09-01 00:00:00,286.58243,1.7171227,0.9367290772018084,5.169511232551854,46.7395086219339,4.135331753257892,50.258653501281316,2130.5666666666666
1956-10-01 00:00:00,280.09274,3.4938958,0.5644514426446352,5.169511232551854,46.7395086219339,4.135331753257892,50.258653501281316,1497.6129032258063
1956-11-01 00:00:00,273.2222,2.0896611,-0.05298583367791139,5.169511232551854,46.7395086219339,4.135331753257892,50.258653501281316,1769.6000000000001
1956-12-01 00:00:00,271.78986,1.4158666,-1.0894326079300733,3.9073629326702966,52.99130221768334,4.135331753257892,50.258653501281316,2121.8064516129034
1957-01-01 00:00:00,269.9478,1.4405303,-1.202059771343853,3.9073629326702966,52.99130221768334,4.135331753257892,50.258653501281316,1400.3548387096773
1957-02-01 00:00:00,275.24997,3.3591423,-1.2563852575643482,3.9073629326702966,52.99130221768334,4.135331753257892,50.258653501281316,1949.0357142857142
1957-03-01 00:00:00,278.13727,1.7410529,-1.3951891217602321,3.9073629326702966,52.99130221768334,4.135331753257892,50.258653501281316,2303.451612903226
1957-04-01 00:00:00,279.87997,2.397021,-0.9983419445063909,3.9073629326702966,52.99130221768334,4.135331753257892,50.258653501281316,2090.8
1957-05-01 00:00:00,282.13303,2.586514,-0.5159528856581759,3.9073629326702966,52.99130221768334,4.135331753257892,50.258653501281316,1865.774193548387
1957-06-01 00:00:00,289.65854,3.6780107,-0.38037349041726315,3.9073629326702966,52.99130221768334,3.4984893679644853,51.397771860134604,2535.4333333333334
1957-07-01 00:00:00,290.5486,5.3601956,1.0050805466471926,3.9073629326702966,52.99130221768334,3.4984893679644853,51.397771860134604,3364.125
1957-08-01 00:00:00,288.12784,3.219421,1.2550917892302424,3.9073629326702966,52.99130221768334,3.4984893679644853,51.397771860134604,2630.1612903225805
1957-09-01 00:00:00,284.78455,3.2188146,1.4309274795201607,3.9073629326702966,52.99130221768334,3.4984893679644853,51.397771860134604,1935.8
1957-10-01 00:00:00,280.7472,0.9142651,0.5533961529026936,3.9073629326702966,52.99130221768334,3.4984893679644853,51.397771860134604,1404.3870967741937
1957-11-01 00:00:00,276.67032,1.8229454,-0.8995466585072168,3.9073629326702966,52.99130221768334,3.4984893679644853,51.397771860134604,1025.7333333333333
1957-12-01 00:00:00,271.59766,1.8752549,-1.4444594615305837,6.311862843912065,50.59961690451372,3.4984893679644853,51.397771860134604,1118.8125
1958-01-01 00:00:00,270.14062,2.5569334,-1.699199648933891,6.311862843912065,50.59961690451372,3.4984893679644853,51.397771860134604,1139.6129032258063
1958-02-01 00:00:00,273.87,4.186659,-0.36372604022970767,6.311862843912065,50.59961690451372,3.4984893679644853,51.397771860134604,2813.103448275862
1958-03-01 00:00:00,271.40613,2.0762475,-0.2563690124447344,6.311862843912065,50.59961690451372,3.4984893679644853,51.397771860134604,2022.483870967742
1958-04-01 00:00:00,277.536,2.8930962,0.1657011474843399,6.311862843912065,50.59961690451372,3.4984893679644853,51.397771860134604,2351.0
1958-05-01 00:00:00,287.02338,2.6674237,0.21011571654964967,6.311862843912065,50.59961690451372,3.4984893679644853,51.397771860134604,2894.1935483870966
1958-06-01 00:00:00,287.3303,4.566495,0.36000222797888065,6.311862843912065,50.59961690451372,3.824589574453505,46.79822762946327,2401.9
1958-07-01 00:00:00,290.24176,3.2764397,0.8000946680549357,6.311862843912065,50.59961690451372,3.824589574453505,46.79822762946327,2520.483870967742
1958-08-01 00:00:00,289.94632,3.2458389,0.918875489617743,6.311862843912065,50.59961690451372,3.824589574453505,46.79822762946327,2005.5
1958-09-01 00:00:00,286.7486,2.04152,0.7047511908176995,6.311862843912065,50.59961690451372,3.824589574453505,46.79822762946327,1430.1666666666667
1958-10-01 00:00:00,280.9911,3.4635193,0.29113565364442145,6.311862843912065,50.59961690451372,3.824589574453505,46.79822762946327,2142.5806451612902
1958-11-01 00:00:00,276.49805,1.7104888,-0.35541454342532897,6.311862843912065,50.59961690451372,3.824589574453505,46.79822762946327,1769.7
1958-12-01 00:00:00,273.2961,2.7566302,-0.5633836893379345,5.717297442187021,52.11484690785689,3.824589574453505,46.79822762946327,1399.225806451613
1959-01-01 00:00:00,270.83813,2.0009646,-0.580614904467208,5.717297442187021,52.11484690785689,3.824589574453505,46.79822762946327,1754.967741935484
1959-02-01 00:00:00,271.34897,0.5538683,-1.7547146918688852,5.717297442187021,52.11484690785689,3.824589574453505,46.79822762946327,1167.857142857143
1959-03-01 00:00:00,278.415,1.7370636,-1.7447412406546832,5.717297442187021,52.11484690785689,3.824589574453505,46.79822762946327,1666.3870967741937
1959-04-01 00:00:00,281.30313,3.1984932,-1.5768060780199646,5.717297442187021,52.11484690785689,3.824589574453505,46.79822762946327,1833.3
1959-05-01 00:00:00,284.89902,2.8028684,-1.2615692599836281,5.717297442187021,52.11484690785689,3.824589574453505,46.79822762946327,1935.4516129032259
1959-06-01 00:00:00,288.1969,4.501147,0.3740873655662774,5.717297442187021,52.11484690785689,2.9419276107301644,56.11078277664176,3002.633333333333
1959-07-01 00:00:00,291.465,3.474257,0.9906722905861471,5.717297442187021,52.11484690785689,2.9419276107301644,56.11078277664176,3139.516129032258
1959-08-01 00:00:00,289.39874,3.1282587,0.9680157500360554,5.717297442187021,52.11484690785689,2.9419276107301644,56.11078277664176,3164.3125
1959-09-01 00:00:00,285.7093,0.78167915,0.23485109101605012,5.717297442187021,52.11484690785689,2.9419276107301644,56.11078277664176,1236.8
1959-10-01 00:00:00,280.36624,2.0684526,-0.7833104596925217,5.717297442187021,52.11484690785689,2.9419276107301644,56.11078277664176,904.258064516129
1959-11-01 00:00:00,275.16125,2.085121,-1.3528878635227102,5.717297442187021,52.11484690785689,2.9419276107301644,56.11078277664176,908.7666666666667
1959-12-01 00:00:00,273.9045,3.3169582,-1.27764667008843,4.185932065163978,51.49795765256379,2.9419276107301644,56.11078277664176,910.5625
1960-01-01 00:00:00,270.44058,2.1946054,-0.6936112649044928,4.185932065163978,51.49795765256379,2.9419276107301644,56.11078277664176,1227.84375
1960-02-01 00:00:00,271.83817,1.9618567,-0.7386645451445786,4.185932065163978,51.49795765256379,2.9419276107301644,56.11078277664176,1214.8275862068965
1960-03-01 00:00:00,276.58728,2.649333,-0.4993577556858129,4.185932065163978,51.49795765256379,2.9419276107301644,56.11078277664176,2217.1935483870966
1960-04-01 00:00:00,279.98972,2.2147486,-0.9640302608448038,4.185932065163978,51.49795765256379,2.9419276107301644,56.11078277664176,1608.4666666666667
1960-05-01 00:00:00,284.89536,2.706159,-0.7498244646758773,4.185932065163978,51.49795765256379,2.9419276107301644,56.11078277664176,2043.8709677419354
1960-06-01 00:00:00,288.79227,3.389602,-0.14483163456552875,4.185932065163978,51.49795765256379,4.021855550871597,49.18908787278389,2156.8333333333335
1960-07-01 00:00:00,288.30768,4.00219,0.4023191768154593,4.185932065163978,51.49795765256379,4.021855550871597,49.18908787278389,2307.967741935484
1960-08-01 00:00:00,289.17996,4.428019,1.1613378591783352,4.185932065163978,51.49795765256379,4.021855550871597,49.18908787278389,2577.5
1960-09-01 00:00:00,284.95102,3.1790102,1.2993669762095665,4.185932065163978,51.49795765256379,4.021855550871597,49.18908787278389,1887.1000000000001
1960-10-01 00:00:00,281.36166,4.0357227,1.4755567729849408,4.185932065163978,51.49795765256379,4.021855550871597,49.18908787278389,1654.3870967741937
1960-11-01 00:00:00,277.41418,2.4848316,1.0386801372624326,4.185932065163978,51.49795765256379,4.021855550871597,49.18908787278389,1350.1666666666667
1960-12-01 00:00:00,272.82874,2.6006963,0.39752986439662713,5.374492201910711,43.76673714320978,4.021855550871597,49.18908787278389,1189.1935483870968
1961-01-01 00:00:00,269.9057,1.6421907,-0.22749549658136048,5.374492201910711,43.76673714320978,4.021855550871597,49.18908787278389,969.9354838709677
1961-02-01 00:00:00,275.1487,2.3754103,-0.9296968666525988,5.374492201910711,43.76673714320978,4.021855550871597,49.18908787278389,1966.9642857142858
1961-03-01 00:00:00,278.18323,1.5930134,-1.2940178420082398,5.374492201910711,43.76673714320978,4.021855550871597,49.18908787278389,1680.774193548387
1961-04-01 00:00:00,283.4757,3.0250149,-1.122533093371543,5.374492201910711,43.76673714320978,4.021855550871597,49.18908787278389,1899.0666666666666
1961-05-01 00:00:00,283.19275,4.223745,-0.03739856318847379,5.374492201910711,43.76673714320978,4.021855550871597,49.18908787278389,2764.0967741935483
1961-06-01 00:00:00,288.86426,3.7228785,0.49815563127698986,5.374492201910711,43.76673714320978,5.043417612451206,54.32378982028747,2891.4
1961-07-01 00:00:00,288.51398,3.4033904,1.115565847473675,5.374492201910711,43.76673714320978,5.043417612451206,54.32378982028747,1980.5483870967741
1961-08-01 00:00:00,289.20306,2.8509634,1.0617270444730407,5.374492201910711,43.76673714320978,5.043417612451206,54.32378982028747,1984.516129032258
1961-09-01 00:00:00,288.88522,1.0480164,-0.11742163141640459,5.374492201910711,43.76673714320978,5.043417612451206,54.32378982028747,1185.2666666666667
1961-10-01 00:00:00,282.59045,2.692491,-0.5537351418527285,5.374492201910711,43.76673714320978,5.043417612451206,54.32378982028747,887.3870967741935
1961-11-01 00:00:00,275.52203,2.4409585,-0.9590956252985696,5.374492201910711,43.76673714320978,5.043417612451206,54.32378982028747,882.258064516129
1961-12-01 00:00:00,270.49203,2.7443788,-1.0032647627366333,6.292755826063393,49.889748357538174,5.043417612451206,54.32378982028747,1830.03125
1962-01-01 00:00:00,272.03625,2.3422582,-0.4579616537056764,6.292755826063393,49.889748357538174,5.043417612451206,54.32378982028747,1439.1290322580646
1962-02-01 00:00:00,271.31348,2.6270816,-0.48578058410825387,6.292755826063393,49.889748357538174,5.043417612451206,54.32378982028747,1772.75
1962-03-01 00:00:00,272.39484,2.62172,-0.40891374368180394,6.292755826063393,49.889748357538174,5.043417612451206,54.32378982028747,1476.5483870967741
1962-04-01 00:00:00,280.959,2.7485244,-0.40715157916304545,6.292755826063393,49.889748357538174,5.043417612451206,54.32378982028747,2351.9
1962-05-01 00:00:00,282.67245,4.205473,0.3598222410489656,6.292755826063393,49.889748357538174,5.043417612451206,54.32378982028747,3161.09375
1962-06-01 00:00:00,286.6046,2.296398,0.2295766310886855,6.292755826063393,49.889748357538174,4.319063631084687,52.40151166522687,2988.1666666666665
1962-07-01 00:00:00,288.41803,3.2545211,0.47563881189010077,6.292755826063393,49.889748357538174,4.319063631084687,52.40151166522687,2308.451612903226
1962-08-01 00:00:00,290.30865,1.9280689,0.1541998840675046,6.292755826063393,49.889748357538174,4.319063631084687,52.40151166522687,1730.9032258064517
1962-09-01 00:00:00,285.37793,2.3571382,-0.621152165732368,6.292755826063393,49.889748357538174,4.319063631084687,52.40151166522687,1151.5666666666666
1962-10-01 00:00:00,281.1856,1.1239558,-1.111070690598758,6.292755826063393,49.889748357538174,4.319063631084687,52.40151166522687,848.0322580645161
1962-11-01 00:00:00,274.5234,3.001407,-1.213937040564291,6.292755826063393,49.889748357538174,4.319063631084687,52.40151166522687,878.6333333333333
1962-12-01 00:00:00,267.34525,2.538689,-0.9637620676961428,5.369603230036206,52.812468910322906,4.319063631084687,52.40151166522687,928.3125
1963-01-01 00:00:00,264.8621,1.6935972,-1.2352844090287989,5.369603230036206,52.812468910322906,4.319063631084687,52.40151166522687,907.9032258064516
1963-02-01 00:00:00,266.45404,1.2395675,-1.1885761192777922,5.369603230036206,52.812468910322906,4.319063631084687,52.40151166522687,777.75
1963-03-01 00:00:00,274.19836,2.538386,-1.3739942597788122,5.369603230036206,52.812468910322906,4.319063631084687,52.40151166522687,1711.0625
1963-04-01 00:00:00,281.18774,2.3266358,-1.4574154964176373,5.369603230036206,52.812468910322906,4.319063631084687,52.40151166522687,2187.8333333333335
1963-05-01 00:00:00,284.51382,3.3427885,-0.7855289797920656,5.369603230036206,52.812468910322906,4.319063631084687,52.40151166522687,2176.1612903225805
1963-06-01 00:00:00,288.5355,4.393789,0.5120177464767016,5.369603230036206,52.812468910322906,3.59875715165641,48.849451701533646,2355.6129032258063
1963-07-01 00:00:00,291.0284,2.8915036,0.6419302400284934,5.369603230036206,52.812468910322906,3.59875715165641,48.849451701533646,1839.741935483871
1963-08-01 00:00:00,289.3786,4.679492,1.385281912123627,5.369603230036206,52.812468910322906,3.59875715165641,48.849451701533646,1585.774193548387
1963-09-01 00:00:00,287.03372,3.256389,1.361564363524003,5.369603230036206,52.812468910322906,3.59875715165641,48.849451701533646,1659.0333333333333
1963-10-01 00:00:00,280.71448,1.5769331,0.43742874800921355,5.369603230036206,52.812468910322906,3.59875715165641,48.849451701533646,1244.6129032258063
1963-11-01 00:00:00,279.16855,3.57348,0.6891205827927064,5.369603230036206,52.812468910322906,3.59875715165641,48.849451701533646,1163.7333333333333
1963-12-01 00:00:00,267.5472,0.7689511,-0.8994184656843108,2.317941560092951,45.42117989947204,3.59875715165641,48.849451701533646,920.3870967741935
1964-01-01 00:00:00,267.04388,0.63937,-1.9263605093252005,2.317941560092951,45.42117989947204,3.59875715165641,48.849451701533646,720.0
1964-02-01 00:00:00,271.7247,1.582286,-1.9244000133321248,2.317941560092951,45.42117989947204,3.59875715165641,48.849451701533646,931.4137931034483
1964-03-01 00:00:00,273.30258,2.821375,-2.195072549012441,2.317941560092951,45.42117989947204,3.59875715165641,48.849451701533646,1290.483870967742
1964-04-01 00:00:00,281.18607,3.1809542,-1.2889483329329479,2.317941560092951,45.42117989947204,3.59875715165641,48.849451701533646,1931.9333333333334
1964-05-01 00:00:00,285.63153,3.460357,-0.10916916601520125,2.317941560092951,45.42117989947204,3.59875715165641,48.849451701533646,2521.0967741935483
1964-06-01 00:00:00,290.05496,3.6700275,0.7056086735608231,2.317941560092951,45.42117989947204,3.6831025322059285,54.93526651935716,1824.5666666666666
1964-07-01 00:00:00,290.93048,2.5374126,0.603440860271192,2.317941560092951,45.42117989947204,3.6831025322059285,54.93526651935716,1581.032258064516
1964-08-01 00:00:00,288.77792,3.413059,0.6871835875391741,2.317941560092951,45.42117989947204,3.6831025322059285,54.93526651935716,1516.6129032258063
1964-09-01 00:00:00,286.26932,1.9208895,0.09608801671319078,2.317941560092951,45.42117989947204,3.6831025322059285,54.93526651935716,1320.5333333333333
1964-10-01 00:00:00,279.72287,4.556422,0.4463738762742129,2.317941560092951,45.42117989947204,3.6831025322059285,54.93526651935716,1696.0967741935483
1964-11-01 00:00:00,276.9495,2.7085347,0.5110087793658209,2.317941560092951,45.42117989947204,3.6831025322059285,54.93526651935716,2238.5806451612902
1964-12-01 00:00:00,271.16428,2.0741751,-0.019631137749501724,2.3161875885614736,56.57901730604348,3.6831025322059285,54.93526651935716,1471.258064516129
1965-01-01 00:00:00,272.0471,2.8028555,0.33613307802789244,2.3161875885614736,56.57901730604348,3.6831025322059285,54.93526651935716,1334.5483870967741
1965-02-01 00:00:00,268.31967,1.8616701,-0.78558895035768,2.3161875885614736,56.57901730604348,3.6831025322059285,54.93526651935716,1173.142857142857
1965-03-01 00:00:00,274.60056,2.6256485,-0.8204420940733677,2.3161875885614736,56.57901730604348,3.6831025322059285,54.93526651935716,2164.34375
1965-04-01 00:00:00,278.9214,4.346497,0.13484832404627667,2.3161875885614736,56.57901730604348,3.6831025322059285,54.93526651935716,3168.1
1965-05-01 00:00:00,283.23718,5.183832,1.003772398221656,2.3161875885614736,56.57901730604348,3.6831025322059285,54.93526651935716,4557.967741935484
1965-06-01 00:00:00,287.98584,4.7102346,1.7739175001902654,2.3161875885614736,56.57901730604348,4.529373409128271,49.968301895249915,6059.806451612903
1965-07-01 00:00:00,288.5449,4.9803877,2.248861395176558,2.3161875885614736,56.57901730604348,4.529373409128271,49.968301895249915,3480.064516129032
1965-08-01 00:00:00,287.9306,3.8371296,2.1553849899161164,2.3161875885614736,56.57901730604348,4.529373409128271,49.968301895249915,2450.516129032258
1965-09-01 00:00:00,285.42554,4.087065,1.9375592786293074,2.3161875885614736,56.57901730604348,4.529373409128271,49.968301895249915,2038.1666666666667
1965-10-01 00:00:00,280.43857,0.37335575,0.7566482886390653,2.3161875885614736,56.57901730604348,4.529373409128271,49.968301895249915,1254.4516129032259
1965-11-01 00:00:00,273.59323,3.487255,0.19463032475168637,2.3161875885614736,56.57901730604348,4.529373409128271,49.968301895249915,1050.4333333333334
1965-12-01 00:00:00,273.4179,3.6957471,0.13758610484033,3.172613387698528,57.813066463364045,4.529373409128271,49.968301895249915,1887.1290322580646
1966-01-01 00:00:00,267.7138,1.5892504,-0.9119958620715443,3.172613387698528,57.813066463364045,4.529373409128271,49.968301895249915,1402.59375
1966-02-01 00:00:00,276.976,2.8084543,0.11211050241938764,3.172613387698528,57.813066463364045,4.529373409128271,49.968301895249915,2267.035714285714
1966-03-01 00:00:00,275.20987,2.62174,-0.24787376868203279,3.172613387698528,57.813066463364045,4.529373409128271,49.968301895249915,1809.0645161290322
1966-04-01 00:00:00,281.90598,3.141955,-0.48292142521849957,3.172613387698528,57.813066463364045,4.529373409128271,49.968301895249915,2529.5333333333333
1966-05-01 00:00:00,285.04898,3.4922807,0.3057449180275009,3.172613387698528,57.813066463364045,4.529373409128271,49.968301895249915,2962.1612903225805
1966-06-01 00:00:00,288.9888,4.438954,0.8985953144571803,3.172613387698528,57.813066463364045,3.3632539015751797,51.553123211055,2965.5666666666666
1966-07-01 00:00:00,288.58987,5.3725767,1.6759071223738675,3.172613387698528,57.813066463364045,3.3632539015751797,51.553123211055,4298.59375
1966-08-01 00:00:00,288.34167,5.1886663,2.1137540724744426,3.172613387698528,57.813066463364045,3.3632539015751797,51.553123211055,3930.3870967741937
1966-09-01 00:00:00,286.46735,1.7071404,1.737426843275817,3.172613387698528,57.813066463364045,3.3632539015751797,51.553123211055,2423.2
1966-10-01 00:00:00,284.3533,3.4230192,1.487704695394039,3.172613387698528,57.813066463364045,3.3632539015751797,51.553123211055,1440.3548387096773
1966-11-01 00:00:00,273.8715,3.4060042,0.9085110606735215,3.172613387698528,57.813066463364045,3.3632539015751797,51.553123211055,1482.7
1966-12-01 00:00:00,272.61755,3.6326609,0.34660257560973906,6.84023648290938,43.57373119936492,3.3632539015751797,51.553123211055,2257.5806451612902
1967-01-01 00:00:00,270.6603,2.1142156,0.5023810652926154,6.84023648290938,43.57373119936492,3.3632539015751797,51.553123211055,2134.6774193548385
1967-02-01 00:00:00,273.43478,2.20924,0.022563743657484155,6.84023648290938,43.57373119936492,3.3632539015751797,51.553123211055,2199.6428571428573
1967-03-01 00:00:00,277.22083,2.921613,-0.17933166615749843,6.84023648290938,43.57373119936492,3.3632539015751797,51.553123211055,2505.548387096774
1967-04-01 00:00:00,279.10522,2.9053795,-0.48757923120886176,6.84023648290938,43.57373119936492,3.3632539015751797,51.553123211055,2797.9333333333334
1967-05-01 00:00:00,284.86435,4.1520743,0.35418789642602355,6.84023648290938,43.57373119936492,3.3632539015751797,51.553123211055,3288.483870967742
1967-06-01 00:00:00,287.31323,3.395038,0.7899909806514271,6.84023648290938,43.57373119936492,3.7344435413740036,54.2721160819919,3824.4193548387098
1967-07-01 00:00:00,291.4789,3.2398865,0.8977476127601592,6.84023648290938,43.57373119936492,3.7344435413740036,54.2721160819919,2763.0967741935483
1967-08-01 00:00:00,289.4387,3.0719926,0.9525715605650351,6.84023648290938,43.57373119936492,3.7344435413740036,54.2721160819919,1899.3548387096773
1967-09-01 00:00:00,286.49442,4.3172607,1.005858827942157,6.84023648290938,43.57373119936492,3.7344435413740036,54.2721160819919,1786.6000000000001
1967-10-01 00:00:00,283.42505,1.8514055,0.4664152560852593,6.84023648290938,43.57373119936492,3.7344435413740036,54.2721160819919,1241.8064516129032
1967-11-01 00:00:00,275.77402,2.2648895,0.08144942994009297,6.84023648290938,43.57373119936492,3.7344435413740036,54.2721160819919,1021.741935483871
1967-12-01 00:00:00,270.75046,2.4844832,-0.16238380110854195,6.219974523022968,51.3148001264605,3.7344435413740036,54.2721160819919,1311.225806451613
1968-01-01 00:00:00,269.38663,3.2789795,-0.6026327834473342,6.219974523022968,51.3148001264605,3.7344435413740036,54.2721160819919,1848.1290322580646
1968-02-01 00:00:00,273.18893,1.973848,-0.5506157628178087,6.219974523022968,51.3148001264605,3.7344435413740036,54.2721160819919,1594.448275862069
1968-03-01 00:00:00,276.31998,1.7349136,-0.7750656763397517,6.219974523022968,51.3148001264605,3.7344435413740036,54.2721160819919,1691.741935483871
1968-04-01 00:00:00,281.431,2.3682423,-0.8239552865880406,6.219974523022968,51.3148001264605,3.7344435413740036,54.2721160819919,2381.233333333333
1968-05-01 00:00:00,284.09784,3.3025591,-0.8140509743236204,6.219974523022968,51.3148001264605,3.7344435413740036,54.2721160819919,2044.5483870967741
1968-06-01 00:00:00,288.37747,3.6752791,-0.09411363192183198,6.219974523022968,51.3148001264605,2.344364705744219,54.59258341755055,2159.1666666666665
1968-07-01 00:00:00,289.13324,3.8515482,0.728525320918947,6.219974523022968,51.3148001264605,2.344364705744219,54.59258341755055,2361.935483870968
1968-08-01 00:00:00,288.3801,5.403461,1.624454340797656,6.219974523022968,51.3148001264605,2.344364705744219,54.59258341755055,2639.064516129032
1968-09-01 00:00:00,285.64893,3.8820639,1.761619318126717,6.219974523022968,51.3148001264605,2.344364705744219,54.59258341755055,1836.0333333333333
1968-10-01 00:00:00,282.05972,2.0208344,1.344038599528822,6.219974523022968,51.3148001264605,2.344364705744219,54.59258341755055,2483.625
1968-11-01 00:00:00,276.01117,2.4940677,0.9334246412989482,6.219974523022968,51.3148001264605,2.344364705744219,54.59258341755055,1182.9333333333334
1968-12-01 00:00:00,269.13794,1.4843221,-0.6019830739657298,4.742208222721602,55.93917457404956,2.344364705744219,54.59258341755055,994.5
1969-01-01 00:00:00,270.57584,2.071783,-1.3499131795389856,4.742208222721602,55.93917457404956,2.344364705744219,54.59258341755055,1048.1935483870968
1969-02-01 00:00:00,270.10654,2.5582032,-1.1336537808993774,4.742208222721602,55.93917457404956,2.344364705744219,54.59258341755055,1255.0
1969-03-01 00:00:00,274.0672,2.1575987,-1.2697505142915242,4.742208222721602,55.93917457404956,2.344364705744219,54.59258341755055,1515.6129032258063
1969-04-01 00:00:00,279.55707,2.694431,-0.7709403157093457,4.742208222721602,55.93917457404956,2.344364705744219,54.59258341755055,1813.8
1969-05-01 00:00:00,286.36612,3.0079577,-0.37374997127177706,4.742208222721602,55.93917457404956,2.344364705744219,54.59258341755055,2055.2580645161293
1969-06-01 00:00:00,286.96216,5.1967564,0.6785808211899071,4.742208222721602,55.93917457404956,2.6913372204012562,54.83660112131954,2254.8709677419356
1969-07-01 00:00:00,290.72626,2.7434485,0.881155017480605,4.742208222721602,55.93917457404956,2.6913372204012562,54.83660112131954,1989.1612903225807
1969-08-01 00:00:00,288.53806,4.5029745,1.4241467326183122,4.742208222721602,55.93917457404956,2.6913372204012562,54.83660112131954,1899.1290322580646
1969-09-01 00:00:00,286.60837,1.6388752,1.02427973072481,4.742208222721602,55.93917457404956,2.6913372204012562,54.83660112131954,1507.2666666666667
1969-10-01 00:00:00,281.98358,0.6416088,-0.752014128684045,4.742208222721602,55.93917457404956,2.6913372204012562,54.83660112131954,912.483870967742
1969-11-01 00:00:00,276.9259,3.3609285,-0.49015700353955904,4.742208222721602,55.93917457404956,2.6913372204012562,54.83660112131954,883.4333333333333
1969-12-01 00:00:00,267.15106,1.9049224,-1.555254562531825,2.950206468457239,42.39727528537745,2.6913372204012562,54.83660112131954,841.9375
1970-01-01 00:00:00,269.9917,1.653444,-1.5496314613604723,2.950206468457239,42.39727528537745,2.6913372204012562,54.83660112131954,889.21875
1970-02-01 00:00:00,271.0554,4.911249,0.21296502581390123,2.950206468457239,42.39727528537745,2.6913372204012562,54.83660112131954,2492.3571428571427
1970-03-01 00:00:00,273.6467,3.0985928,0.10702144526077009,2.950206468457239,42.39727528537745,2.6913372204012562,54.83660112131954,2235.7741935483873
1970-04-01 00:00:00,278.38037,4.2034874,0.9551057198538089,2.950206468457239,42.39727528537745,2.6913372204012562,54.83660112131954,2972.4333333333334
1970-05-01 00:00:00,283.12073,3.3911746,1.4649284130422355,2.950206468457239,42.39727528537745,2.6913372204012562,54.83660112131954,3635.5806451612902
1970-06-01 00:00:00,289.17044,3.2876525,0.992002404608028,2.950206468457239,42.39727528537745,3.088131109908314,53.56235526069859,3818.9333333333334
1970-07-01 00:00:00,289.34915,3.533062,1.127883970238098,2.950206468457239,42.39727528537745,3.088131109908314,53.56235526069859,2974.5806451612902
1970-08-01 00:00:00,289.45578,4.7167325,1.2793770432030875,2.950206468457239,42.39727528537745,3.088131109908314,53.56235526069859,3704.25
1970-09-01 00:00:00,286.1531,1.8937564,0.8096160413278694,2.950206468457239,42.39727528537745,3.088131109908314,53.56235526069859,2246.8
1970-10-01 00:00:00,280.54193,2.8133078,0.6427038107900787,2.950206468457239,42.39727528537745,3.088131109908314,53.56235526069859,2117.2903225806454
1970-11-01 00:00:00,277.6324,2.9566529,0.42831032838075006,2.950206468457239,42.39727528537745,3.088131109908314,53.56235526069859,1860.0666666666666
1970-12-01 00:00:00,271.0853,2.0113225,-0.6894208636688761,4.807863289430207,47.10523746674,3.088131109908314,53.56235526069859,1592.0645161290322
1971-01-01 00:00:00,269.8257,1.324726,-0.9284975564599819,4.807863289430207,47.10523746674,3.088131109908314,53.56235526069859,1103.1935483870968
1971-02-01 00:00:00,272.64597,2.0774665,-1.2302395660313588,4.807863289430207,47.10523746674,3.088131109908314,53.56235526069859,1138.6785714285713
1971-03-01 00:00:00,272.7339,2.349309,-1.4712343226363016,4.807863289430207,47.10523746674,3.088131109908314,53.56235526069859,1478.9032258064517
1971-04-01 00:00:00,281.35458,2.093949,-1.4389045597882213,4.807863289430207,47.10523746674,3.088131109908314,53.56235526069859,1822.0
1971-05-01 00:00:00,286.2603,3.263594,-0.6431276058505075,4.807863289430207,47.10523746674,3.088131109908314,53.56235526069859,1767.5483870967741
1971-06-01 00:00:00,286.6794,5.24386,0.6404833679728209,4.807863289430207,47.10523746674,2.9472305982092637,53.39745919436149,2448.935483870968
1971-07-01 00:00:00,290.74146,2.1341872,0.5618658861915156,4.807863289430207,47.10523746674,2.9472305982092637,53.39745919436149,1744.5483870967741
1971-08-01 00:00:00,291.08313,3.226922,0.9556881498129765,4.807863289430207,47.10523746674,2.9472305982092637,53.39745919436149,1362.3870967741937
1971-09-01 00:00:00,284.43622,2.0045648,0.5149881338608066,4.807863289430207,47.10523746674,2.9472305982092637,53.39745919436149,1221.1333333333334
1971-10-01 00:00:00,280.94757,0.95648074,-1.24957035547876,4.807863289430207,47.10523746674,2.9472305982092637,53.39745919436149,1028.5806451612902
1971-11-01 00:00:00,275.21893,3.4031205,-0.7249195182899486,4.807863289430207,47.10523746674,2.9472305982092637,53.39745919436149,916.1612903225806
1971-12-01 00:00:00,273.95477,1.7066468,-1.3499903526845993,4.002308738528609,54.03953398717131,2.9472305982092637,53.39745919436149,1153.516129032258
1972-01-01 00:00:00,269.78992,1.4064052,-1.583624929489063,4.002308738528609,54.03953398717131,2.9472305982092637,53.39745919436149,855.483870967742
1972-02-01 00:00:00,274.32245,1.7774669,-1.26102885032186,4.002308738528609,54.03953398717131,2.9472305982092637,53.39745919436149,840.0333333333333
1972-03-01 00:00:00,277.96536,1.7455006,-1.8980038031424313,4.002308738528609,54.03953398717131,2.9472305982092637,53.39745919436149,859.0967741935484
1972-04-01 00:00:00,279.78888,4.584844,-0.7573665356365469,4.002308738528609,54.03953398717131,2.9472305982092637,53.39745919436149,1580.8333333333333
1972-05-01 00:00:00,283.95624,4.249644,0.41950688092714905,4.002308738528609,54.03953398717131,2.9472305982092637,53.39745919436149,1654.4516129032259
1972-06-01 00:00:00,287.66205,4.4077544,1.2962237187898316,4.002308738528609,54.03953398717131,2.9209380443861885,55.09454073380032,1985.7
1972-07-01 00:00:00,290.11334,5.1174517,2.0880870346781895,4.002308738528609,54.03953398717131,2.9209380443861885,55.09454073380032,2298.0967741935483
1972-08-01 00:00:00,288.70947,3.3310838,1.8277736581121329,4.002308738528609,54.03953398717131,2.9209380443861885,55.09454073380032,1834.3548387096773
1972-09-01 00:00:00,283.13297,2.3977494,1.3706157516206408,4.002308738528609,54.03953398717131,2.9209380443861885,55.09454073380032,1061.6333333333334
1972-10-01 00:00:00,278.9986,1.898824,0.5653816869709068,4.002308738528609,54.03953398717131,2.9209380443861885,55.09454073380032,944.7741935483871
1972-11-01 00:00:00,275.70163,3.0364473,-0.2694762987316585,4.002308738528609,54.03953398717131,2.9209380443861885,55.09454073380032,1704.3333333333333
1972-12-01 00:00:00,271.34167,0.7830978,-1.3319862202029713,3.37871373808678,49.014940900915356,2.9209380443861885,55.09454073380032,1185.5806451612902
1973-01-01 00:00:00,270.9627,1.5503038,-1.6615738220974734,3.37871373808678,49.014940900915356,2.9209380443861885,55.09454073380032,836.5
1973-02-01 00:00:00,272.21783,2.4077263,-1.465473145458497,3.37871373808678,49.014940900915356,2.9209380443861885,55.09454073380032,1012.5357142857143
1973-03-01 00:00:00,275.582,1.4126998,-2.073198895567256,3.37871373808678,49.014940900915356,2.9209380443861885,55.09454073380032,1378.4516129032259
1973-04-01 00:00:00,277.69955,3.706423,-0.9405073978432003,3.37871373808678,49.014940900915356,2.9209380443861885,55.09454073380032,1950.0666666666666
1973-05-01 00:00:00,285.31863,2.5439918,-0.5214337607139116,3.37871373808678,49.014940900915356,2.9209380443861885,55.09454073380032,2962.7741935483873
1973-06-01 00:00:00,288.41614,4.138635,0.20142955619864983,3.37871373808678,49.014940900915356,3.358801175441839,55.31225845973515,2591.9032258064517
1973-07-01 00:00:00,289.59598,4.182196,1.1749033092451415,3.37871373808678,49.014940900915356,3.358801175441839,55.31225845973515,1999.1875
1973-08-01 00:00:00,290.55066,2.2210724,0.6889787102659368,3.37871373808678,49.014940900915356,3.358801175441839,55.31225845973515,1414.8064516129032
1973-09-01 00:00:00,287.01437,2.9999042,0.8472662759253538,3.37871373808678,49.014940900915356,3.358801175441839,55.31225845973515,1195.8666666666666
1973-10-01 00:00:00,279.4789,2.4739053,0.2315562906399638,3.37871373808678,49.014940900915356,3.358801175441839,55.31225845973515,1308.3870967741937
1973-11-01 00:00:00,274.6091,2.681394,-0.3915575987855463,3.37871373808678,49.014940900915356,3.358801175441839,55.31225845973515,1658.5666666666666
1973-12-01 00:00:00,271.22806,2.3960204,-0.317289006793703,5.4832116672248645,54.83555415617538,3.358801175441839,55.31225845973515,1710.258064516129
1974-01-01 00:00:00,273.94113,2.1286194,-0.6873471580361705,5.4832116672248645,54.83555415617538,3.358801175441839,55.31225845973515,1963.5625
1974-02-01 00:00:00,275.22784,2.3538036,-0.738117252041658,5.4832116672248645,54.83555415617538,3.358801175441839,55.31225845973515,1782.4285714285713
1974-03-01 00:00:00,278.28036,1.8789678,-1.072669959327873,5.4832116672248645,54.83555415617538,3.358801175441839,55.31225845973515,1775.8064516129032
1974-04-01 00:00:00,280.01736,1.7288456,-1.3422768295499874,5.4832116672248645,54.83555415617538,3.358801175441839,55.31225845973515,1584.7666666666667
1974-05-01 00:00:00,283.55997,3.2937024,-0.8661580404274823,5.4832116672248645,54.83555415617538,3.358801175441839,55.31225845973515,2038.225806451613
1974-06-01 00:00:00,286.3308,4.8299503,0.17317368639842953,5.4832116672248645,54.83555415617538,4.256652291484147,52.382540979747205,2885.766666666667
1974-07-01 00:00:00,288.76678,4.092664,0.9805012246032037,5.4832116672248645,54.83555415617538,4.256652291484147,52.382540979747205,3250.3225806451615
1974-08-01 00:00:00,290.60638,3.4069061,1.4698546514557216,5.4832116672248645,54.83555415617538,4.256652291484147,52.382540979747205,2046.1935483870968
1974-09-01 00:00:00,285.89963,2.988172,1.3880435652349552,5.4832116672248645,54.83555415617538,4.256652291484147,52.382540979747205,1526.7333333333333
1974-10-01 00:00:00,276.98413,4.347261,1.2524497286586613,5.4832116672248645,54.83555415617538,4.256652291484147,52.382540979747205,1730.9032258064517
1974-11-01 00:00:00,275.9311,2.6164782,0.784714861326293,5.4832116672248645,54.83555415617538,4.256652291484147,52.382540979747205,1653.6666666666667
1974-12-01 00:00:00,275.0735,3.8883278,0.9464552736244024,6.558664161012758,50.50518517093569,4.256652291484147,52.382540979747205,3550.53125
1975-01-01 00:00:00,274.73657,2.104501,0.6425988586860221,6.558664161012758,50.50518517093569,4.256652291484147,52.382540979747205,2374.8064516129034
1975-02-01 00:00:00,272.5386,0.98984075,-0.721514216241752,6.558664161012758,50.50518517093569,4.256652291484147,52.382540979747205,1867.9642857142858
1975-03-01 00:00:00,276.20175,3.414882,-0.3825177114184274,6.558664161012758,50.50518517093569,4.256652291484147,52.382540979747205,1431.3548387096773
1975-04-01 00:00:00,279.55746,2.9224133,-0.7921541526918081,6.558664161012758,50.50518517093569,4.256652291484147,52.382540979747205,2106.1
1975-05-01 00:00:00,285.05118,3.1888406,-0.33223819953863654,6.558664161012758,50.50518517093569,4.256652291484147,52.382540979747205,2941.3548387096776
1975-06-01 00:00:00,286.9332,4.942033,1.1439098128938108,6.558664161012758,50.50518517093569,2.4926566453118477,56.50270891868704,2797.5
1975-07-01 00:00:00,290.28897,3.9361157,1.2966948764980684,6.558664161012758,50.50518517093569,2.4926566453118477,56.50270891868704,4689.0625
1975-08-01 00:00:00,290.22098,3.9414585,1.5688341609101473,6.558664161012758,50.50518517093569,2.4926566453118477,56.50270891868704,2389.032258064516
1975-09-01 00:00:00,288.4994,2.2608147,1.322388807739658,6.558664161012758,50.50518517093569,2.4926566453118477,56.50270891868704,1835.0
1975-10-01 00:00:00,279.8631,2.0549085,0.35612893685313834,6.558664161012758,50.50518517093569,2.4926566453118477,56.50270891868704,1170.6774193548388
1975-11-01 00:00:00,274.62424,2.5924191,-0.19117089407489812,6.558664161012758,50.50518517093569,2.4926566453118477,56.50270891868704,1078.0
1975-12-01 00:00:00,271.8011,1.2196528,-1.3273390546952033,7.049473330461038,53.94378061082057,2.4926566453118477,56.50270891868704,1060.3125
1976-01-01 00:00:00,272.2903,3.549858,-0.7983800959929436,7.049473330461038,53.94378061082057,2.4926566453118477,56.50270891868704,2120.9032258064517
1976-02-01 00:00:00,272.3946,0.9859405,-1.2392226191530096,7.049473330461038,53.94378061082057,2.4926566453118477,56.50270891868704,1260.0344827586207
1976-03-01 00:00:00,273.6748,1.0618098,-1.8310684869352103,7.049473330461038,53.94378061082057,2.4926566453118477,56.50270891868704,1123.3870967741937
1976-04-01 00:00:00,279.84238,2.2942107,-1.42069820490115,7.049473330461038,53.94378061082057,2.4926566453118477,56.50270891868704,1393.2333333333333
1976-05-01 00:00:00,285.19632,2.7738361,-1.71943175922209,7.049473330461038,53.94378061082057,2.4926566453118477,56.50270891868704,1777.4193548387098
1976-06-01 00:00:00,289.28476,1.9592474,-1.3427267818997723,7.049473330461038,53.94378061082057,2.3644651514185675,59.55808259852862,2327.1290322580644
1976-07-01 00:00:00,291.32343,3.557301,-0.30314349729886986,7.049473330461038,53.94378061082057,2.3644651514185675,59.55808259852862,1423.483870967742
1976-08-01 00:00:00,287.73492,2.9841168,-0.013633834682562457,7.049473330461038,53.94378061082057,2.3644651514185675,59.55808259852862,1693.3870967741937
1976-09-01 00:00:00,284.71368,3.8472328,0.41584235737136477,7.049473330461038,53.94378061082057,2.3644651514185675,59.55808259852862,1683.9333333333334
1976-10-01 00:00:00,281.9616,2.8003395,0.7254851784612046,7.049473330461038,53.94378061082057,2.3644651514185675,59.55808259852862,1204.7096774193549
1976-11-01 00:00:00,276.59924,3.029596,0.5343048419324724,7.049473330461038,53.94378061082057,2.3644651514185675,59.55808259852862,1162.5483870967741
1976-12-01 00:00:00,270.25885,2.2529402,0.2526647451141802,5.199740069289371,59.44225787306588,2.3644651514185675,59.55808259852862,1262.5806451612902
1977-01-01 00:00:00,271.79028,2.924671,-0.12483358622589792,5.199740069289371,59.44225787306588,2.3644651514185675,59.55808259852862,1097.53125
1977-02-01 00:00:00,274.87805,3.6745021,0.2334030925476775,5.199740069289371,59.44225787306588,2.3644651514185675,59.55808259852862,2726.214285714286
1977-03-01 00:00:00,278.74557,2.494192,0.016042085994339966,5.199740069289371,59.44225787306588,2.3644651514185675,59.55808259852862,2320.6129032258063
1977-04-01 00:00:00,278.40887,3.632132,0.5581343229642897,5.199740069289371,59.44225787306588,2.3644651514185675,59.55808259852862,2363.8
1977-05-01 00:00:00,284.25223,2.6846676,0.4682897210952359,5.199740069289371,59.44225787306588,2.3644651514185675,59.55808259852862,2709.8387096774195
1977-06-01 00:00:00,288.15564,3.675928,0.4688297383717443,5.199740069289371,59.44225787306588,2.38389991434782,53.075463463810046,2172.3333333333335
1977-07-01 00:00:00,289.37485,3.7634454,0.9188675476924629,5.199740069289371,59.44225787306588,2.38389991434782,53.075463463810046,1943.0
1977-08-01 00:00:00,288.5883,4.654382,1.236025517189825,5.199740069289371,59.44225787306588,2.38389991434782,53.075463463810046,3034.59375
1977-09-01 00:00:00,284.37704,2.1235006,1.066811207391872,5.199740069289371,59.44225787306588,2.38389991434782,53.075463463810046,1730.3333333333333
1977-10-01 00:00:00,282.32074,1.5172036,0.3034259806923425,5.199740069289371,59.44225787306588,2.38389991434782,53.075463463810046,1082.0
1977-11-01 00:00:00,276.48474,3.194036,0.07472996640619758,5.199740069289371,59.44225787306588,2.38389991434782,53.075463463810046,1243.9
1977-12-01 00:00:00,272.0278,1.9804689,-1.0489099374082453,5.419742639597174,42.70825836444029,2.38389991434782,53.075463463810046,1387.741935483871
1978-01-01 00:00:00,271.70743,2.2801502,-0.9842193205268362,5.419742639597174,42.70825836444029,2.38389991434782,53.075463463810046,1275.4516129032259
1978-02-01 00:00:00,270.727,2.1783652,-0.7071963321606954,5.419742639597174,42.70825836444029,2.38389991434782,53.075463463810046,1138.8214285714287
1978-03-01 00:00:00,276.9765,2.901158,-0.8306052177559712,5.419742639597174,42.70825836444029,2.38389991434782,53.075463463810046,2320.6129032258063
1978-04-01 00:00:00,279.05423,2.588022,-0.5737782622521226,5.419742639597174,42.70825836444029,2.38389991434782,53.075463463810046,1953.8333333333333
1978-05-01 00:00:00,283.19604,4.515231,0.3520359457572082,5.419742639597174,42.70825836444029,2.38389991434782,53.075463463810046,2565.2580645161293
1978-06-01 00:00:00,286.9399,3.5131373,0.8390495257206566,5.419742639597174,42.70825836444029,3.4427952283579795,52.86896867639421,2467.633333333333
1978-07-01 00:00:00,288.27618,4.1268578,1.225757147303761,5.419742639597174,42.70825836444029,3.4427952283579795,52.86896867639421,2821.15625
1978-08-01 00:00:00,287.88284,3.6341655,1.5131058806020348,5.419742639597174,42.70825836444029,3.4427952283579795,52.86896867639421,1909.8709677419354
1978-09-01 00:00:00,285.11163,3.0884864,1.1117735770519706,5.419742639597174,42.70825836444029,3.4427952283579795,52.86896867639421,1852.1666666666667
1978-10-01 00:00:00,280.89883,2.1458158,0.6565661189936535,5.419742639597174,42.70825836444029,3.4427952283579795,52.86896867639421,1916.967741935484
1978-11-01 00:00:00,274.75278,0.92089325,-0.6409893963395429,5.419742639597174,42.70825836444029,3.4427952283579795,52.86896867639421,1227.3666666666666
1978-12-01 00:00:00,272.11276,2.5639482,-1.0883680329731247,4.15197959340838,45.14895012218417,3.4427952283579795,52.86896867639421,1198.03125
1979-01-01 00:00:00,267.32022,2.3600414,-1.381721501593959,4.15197959340838,45.14895012218417,3.4427952283579795,52.86896867639421,1133.53125
1979-02-01 00:00:00,271.7891,2.2895164,-1.324709417717174,4.15197959340838,45.14895012218417,3.4427952283579795,52.86896867639421,1790.75
1979-03-01 00:00:00,276.58887,3.772443,-0.13388328038214567,4.15197959340838,45.14895012218417,3.4427952283579795,52.86896867639421,2393.4193548387098
1979-04-01 00:00:00,278.46655,3.3391783,0.18513608235104498,4.15197959340838,45.14895012218417,3.4427952283579795,52.86896867639421,2667.766666666667
1979-05-01 00:00:00,284.7858,2.0730984,0.06863481910927316,4.15197959340838,45.14895012218417,3.4427952283579795,52.86896867639421,2826.1935483870966
1979-06-01 00:00:00,289.342,4.767415,0.9827486398084926,4.15197959340838,45.14895012218417,4.113640805689921,54.15807070187434,3670.0
1979-07-01 00:00:00,288.25348,3.5475554,0.9093110945834884,4.15197959340838,45.14895012218417,4.113640805689921,54.15807070187434,2631.7419354838707
1979-08-01 00:00:00,288.2307,3.5161314,0.9672606736287922,4.15197959340838,45.14895012218417,4.113640805689921,54.15807070187434,2136.967741935484
1979-09-01 00:00:00,285.86798,3.2371998,1.318983893340691,4.15197959340838,45.14895012218417,4.113640805689921,54.15807070187434,1689.3
1979-10-01 00:00:00,280.52023,1.8439933,0.3372625691080536,4.15197959340838,45.14895012218417,4.113640805689921,54.15807070187434,1311.9354838709678
1979-11-01 00:00:00,275.22604,4.2617564,0.6072117282133593,4.15197959340838,45.14895012218417,4.113640805689921,54.15807070187434,2079.2
1979-12-01 00:00:00,274.8811,2.9621155,0.3993802461372109,4.726584196509998,40.90841669685497,4.113640805689921,54.15807070187434,2132.6451612903224
1980-01-01 00:00:00,268.6005,1.9699748,-0.11215256179065262,4.726584196509998,40.90841669685497,4.113640805689921,54.15807070187434,1279.0645161290322
1980-02-01 00:00:00,273.78815,1.9383346,-0.07275780750875956,4.726584196509998,40.90841669685497,4.113640805689921,54.15807070187434,2320.551724137931
1980-03-01 00:00:00,275.60608,2.241288,-0.9261221913152792,4.726584196509998,40.90841669685497,4.113640805689921,54.15807070187434,1479.1935483870968
1980-04-01 00:00:00,277.6994,3.740619,-0.5981922385226339,4.726584196509998,40.90841669685497,4.113640805689921,54.15807070187434,2696.1666666666665
1980-05-01 00:00:00,282.63675,2.6482346,-0.3099751142402896,4.726584196509998,40.90841669685497,4.113640805689921,54.15807070187434,2937.2580645161293
1980-06-01 00:00:00,287.09732,4.6966534,0.7736331990277581,4.726584196509998,40.90841669685497,4.1975398521097755,48.406082200263164,3106.2000000000003
1980-07-01 00:00:00,287.90854,5.2914557,1.659418136906215,4.726584196509998,40.90841669685497,4.1975398521097755,48.406082200263164,3555.84375
1980-08-01 00:00:00,289.72507,2.7332978,1.4021676306405384,4.726584196509998,40.90841669685497,4.1975398521097755,48.406082200263164,2186.6451612903224
1980-09-01 00:00:00,286.27765,2.1051795,1.2500137732341277,4.726584196509998,40.90841669685497,4.1975398521097755,48.406082200263164,1709.4
1980-10-01 00:00:00,280.1888,3.963207,1.027793305648572,4.726584196509998,40.90841669685497,4.1975398521097755,48.406082200263164,1719.6774193548388
1980-11-01 00:00:00,274.19714,2.572893,0.027696503980742217,4.726584196509998,40.90841669685497,4.1975398521097755,48.406082200263164,1333.6333333333334
1980-12-01 00:00:00,270.86267,2.1528218,-0.21455936566403336,5.201848166428815,49.10027709102759,4.1975398521097755,48.406082200263164,1527.8125
1981-01-01 00:00:00,268.6354,2.7845216,0.06830998444717624,5.201848166428815,49.10027709102759,4.1975398521097755,48.406082200263164,1600.9354838709678
1981-02-01 00:00:00,271.01184,1.4591677,-0.9852362009066749,5.201848166428815,49.10027709102759,4.1975398521097755,48.406082200263164,1694.7586206896551
1981-03-01 00:00:00,278.72644,2.8621194,-0.8647719942659549,5.201848166428815,49.10027709102759,4.1975398521097755,48.406082200263164,2945.2258064516127
1981-04-01 00:00:00,280.3917,1.7752631,-1.0217623224691996,5.201848166428815,49.10027709102759,4.1975398521097755,48.406082200263164,2448.4
1981-05-01 00:00:00,285.0379,3.7513618,-0.6161506426943056,5.201848166428815,49.10027709102759,4.1975398521097755,48.406082200263164,1998.9032258064517
1981-06-01 00:00:00,288.51324,3.3841307,0.18983801200439263,5.201848166428815,49.10027709102759,3.923993020279035,55.79219231429584,1988.1666666666667
1981-07-01 00:00:00,289.03186,5.6229987,1.1636754797944195,5.201848166428815,49.10027709102759,3.923993020279035,55.79219231429584,3147.625
1981-08-01 00:00:00,289.49,3.1472785,1.5428922694363363,5.201848166428815,49.10027709102759,3.923993020279035,55.79219231429584,2118.3870967741937
1981-09-01 00:00:00,286.63724,4.063002,1.6206744094373606,5.201848166428815,49.10027709102759,3.923993020279035,55.79219231429584,1698.3
1981-10-01 00:00:00,281.06198,4.2340617,1.8191990225167,5.201848166428815,49.10027709102759,3.923993020279035,55.79219231429584,2491.8709677419356
1981-11-01 00:00:00,275.61874,2.4735563,0.9716957989880591,5.201848166428815,49.10027709102759,3.923993020279035,55.79219231429584,2358.5
1981-12-01 00:00:00,270.19708,4.0698686,1.2540361194656422,6.386067794225498,56.2827631461878,3.923993020279035,55.79219231429584,2426.8064516129034
1982-01-01 00:00:00,269.01886,2.7388716,0.8386457272885414,6.386067794225498,56.2827631461878,3.923993020279035,55.79219231429584,2581.967741935484
1982-02-01 00:00:00,270.73938,0.7291609,-0.5466808934775057,6.386067794225498,56.2827631461878,3.923993020279035,55.79219231429584,2509.862068965517
1982-03-01 00:00:00,275.93967,2.1817799,-0.6705203613123022,6.386067794225498,56.2827631461878,3.923993020279035,55.79219231429584,1861.1290322580646
1982-04-01 00:00:00,278.41403,1.771185,-1.6034465780351586,6.386067794225498,56.2827631461878,3.923993020279035,55.79219231429584,2168.8333333333335
1982-05-01 00:00:00,284.9735,2.9332786,-1.5285561997593762,6.386067794225498,56.2827631461878,3.923993020279035,55.79219231429584,2711.6451612903224
1982-06-01 00:00:00,288.94376,4.275131,-0.06059881545089603,6.386067794225498,56.2827631461878,3.300117285156446,51.16757977333592,3057.233333333333
1982-07-01 00:00:00,291.16492,3.9461613,0.6314537388166035,6.386067794225498,56.2827631461878,3.300117285156446,51.16757977333592,2287.2903225806454
1982-08-01 00:00:00,289.76944,4.0221906,1.349275658924297,6.386067794225498,56.2827631461878,3.300117285156446,51.16757977333592,2045.3548387096773
1982-09-01 00:00:00,288.51962,1.5954942,0.9460432211820146,6.386067794225498,56.2827631461878,3.300117285156446,51.16757977333592,1407.4666666666667
1982-10-01 00:00:00,281.507,3.2112472,0.576434163443147,6.386067794225498,56.2827631461878,3.300117285156446,51.16757977333592,1319.6774193548388
1982-11-01 00:00:00,276.98874,2.2113557,-0.11112861581000072,6.386067794225498,56.2827631461878,3.300117285156446,51.16757977333592,1060.1333333333334
1982-12-01 00:00:00,273.5172,3.3943555,-0.3761874083701919,4.70124503543975,45.45010192872196,3.300117285156446,51.16757977333592,1421.90625
1983-01-01 00:00:00,274.29404,2.84133,0.1436093783221453,4.70124503543975,45.45010192872196,3.300117285156446,51.16757977333592,2358.65625
1983-02-01 00:00:00,269.54947,2.2033613,-0.27527435648224596,4.70124503543975,45.45010192872196,3.300117285156446,51.16757977333592,1792.357142857143
1983-03-01 00:00:00,276.62466,2.204984,-0.27797116932735355,4.70124503543975,45.45010192872196,3.300117285156446,51.16757977333592,1893.3548387096773
1983-04-01 00:00:00,281.34628,3.5335767,-0.2191356941060909,4.70124503543975,45.45010192872196,3.300117285156446,51.16757977333592,2539.6666666666665
1983-05-01 00:00:00,284.50497,4.5284815,0.46257060137969574,4.70124503543975,45.45010192872196,3.300117285156446,51.16757977333592,2479.2903225806454
1983-06-01 00:00:00,288.61954,3.2437325,0.836751020310273,4.70124503543975,45.45010192872196,2.6949693700959827,60.47333917444828,2562.6666666666665
1983-07-01 00:00:00,293.07172,1.9268914,0.7408314818227671,4.70124503543975,45.45010192872196,2.6949693700959827,60.47333917444828,1943.032258064516
1983-08-01 00:00:00,290.33826,3.3967464,0.6925223563281405,4.70124503543975,45.45010192872196,2.6949693700959827,60.47333917444828,1787.9354838709678
1983-09-01 00:00:00,286.39923,2.9045591,0.06768981745165667,4.70124503543975,45.45010192872196,2.6949693700959827,60.47333917444828,1363.7666666666667
1983-10-01 00:00:00,281.3031,1.7160221,-0.5752552316565122,4.70124503543975,45.45010192872196,2.6949693700959827,60.47333917444828,1130.0645161290322
1983-11-01 00:00:00,274.5324,1.740832,-0.654216970148605,4.70124503543975,45.45010192872196,2.6949693700959827,60.47333917444828,869.0967741935484
1983-12-01 00:00:00,271.47748,1.920515,-1.2657300326738117,6.94867838458408,54.983383409197884,2.6949693700959827,60.47333917444828,1275.4516129032259
1984-01-01 00:00:00,271.46625,2.678072,-1.3560892011334174,6.94867838458408,54.983383409197884,2.6949693700959827,60.47333917444828,1301.6774193548388
1984-02-01 00:00:00,270.8875,2.9389892,-0.8564900496608038,6.94867838458408,54.983383409197884,2.6949693700959827,60.47333917444828,1407.9310344827586
1984-03-01 00:00:00,274.208,1.6372743,-0.8997953019019157,6.94867838458408,54.983383409197884,2.6949693700959827,60.47333917444828,1191.5806451612902
1984-04-01 00:00:00,278.95065,2.3324795,-0.7267247211407171,6.94867838458408,54.983383409197884,2.6949693700959827,60.47333917444828,1772.6000000000001
1984-05-01 00:00:00,283.0312,4.440672,0.01732482433879976,6.94867838458408,54.983383409197884,2.6949693700959827,60.47333917444828,2087.064516129032
1984-06-01 00:00:00,286.67886,3.3487775,0.18434131261455422,6.94867838458408,54.983383409197884,2.841243012178221,57.72149676696568,2168.7
1984-07-01 00:00:00,288.66812,3.2260158,0.7809568214901839,6.94867838458408,54.983383409197884,2.841243012178221,57.72149676696568,1971.483870967742
1984-08-01 00:00:00,289.2216,3.3282142,1.1059529577464902,6.94867838458408,54.983383409197884,2.841243012178221,57.72149676696568,1860.4516129032259
1984-09-01 00:00:00,284.84717,4.7758207,1.2068363552946035,6.94867838458408,54.983383409197884,2.841243012178221,57.72149676696568,2237.3870967741937
1984-10-01 00:00:00,282.1766,1.9820071,0.7685197818358745,6.94867838458408,54.983383409197884,2.841243012178221,57.72149676696568,1582.5483870967741
1984-11-01 00:00:00,276.5627,1.6092339,0.15857073948745054,6.94867838458408,54.983383409197884,2.841243012178221,57.72149676696568,970.9333333333333
1984-12-01 00:00:00,271.99707,1.492588,-0.6111688455391977,6.4931229699564765,52.219343805082346,2.841243012178221,57.72149676696568,965.625
1985-01-01 00:00:00,265.54117,2.1712244,-1.6667476759622284,6.4931229699564765,52.219343805082346,2.841243012178221,57.72149676696568,868.125
1985-02-01 00:00:00,268.74252,1.9220198,-1.6894907731090327,6.4931229699564765,52.219343805082346,2.841243012178221,57.72149676696568,1896.0357142857142
1985-03-01 00:00:00,274.8648,2.6473136,-1.2852821646887298,6.4931229699564765,52.219343805082346,2.841243012178221,57.72149676696568,1356.741935483871
1985-04-01 00:00:00,279.93008,2.8820646,-0.7115926230395304,6.4931229699564765,52.219343805082346,2.841243012178221,57.72149676696568,1614.9
1985-05-01 00:00:00,285.604,4.1409354,0.11684088894634265,6.4931229699564765,52.219343805082346,2.841243012178221,57.72149676696568,2369.2903225806454
1985-06-01 00:00:00,286.11655,4.367643,1.0102559725732487,6.4931229699564765,52.219343805082346,4.730805489401322,50.54065330847532,2432.1666666666665
1985-07-01 00:00:00,290.57745,3.0896938,1.1475888934889218,6.4931229699564765,52.219343805082346,4.730805489401322,50.54065330847532,1982.7096774193549
1985-08-01 00:00:00,289.43716,4.9276543,1.6949547942427692,6.4931229699564765,52.219343805082346,4.730805489401322,50.54065330847532,3212.8125
1985-09-01 00:00:00,286.56482,1.663411,1.01358452653578,6.4931229699564765,52.219343805082346,4.730805489401322,50.54065330847532,1809.4
1985-10-01 00:00:00,280.8749,0.79194,-0.35060386878810623,6.4931229699564765,52.219343805082346,4.730805489401322,50.54065330847532,1002.3225806451613
1985-11-01 00:00:00,272.74127,3.269645,-0.27432311548441857,6.4931229699564765,52.219343805082346,4.730805489401322,50.54065330847532,954.6666666666666
1985-12-01 00:00:00,274.49802,2.272024,-1.3792227354027027,3.0906263501984212,47.31440407248546,4.730805489401322,50.54065330847532,1388.7096774193549
1986-01-01 00:00:00,271.03745,3.6316402,-0.5663197791834775,3.0906263501984212,47.31440407248546,4.730805489401322,50.54065330847532,2144.0625
1986-02-01 00:00:00,266.20764,1.5459744,-0.24614476853050735,3.0906263501984212,47.31440407248546,4.730805489401322,50.54065330847532,1225.142857142857
1986-03-01 00:00:00,275.0276,2.2669742,-0.6718198901076264,3.0906263501984212,47.31440407248546,4.730805489401322,50.54065330847532,1530.9354838709678
1986-04-01 00:00:00,279.97366,3.6320782,-0.0959210447592444,3.0906263501984212,47.31440407248546,4.730805489401322,50.54065330847532,2261.4333333333334
1986-05-01 00:00:00,287.10736,4.032922,0.07015531746398941,3.0906263501984212,47.31440407248546,4.730805489401322,50.54065330847532,2723.451612903226
1986-06-01 00:00:00,288.0868,3.6923456,0.8750401632073932,3.0906263501984212,47.31440407248546,3.1829592813549117,52.84322110899066,2590.2
1986-07-01 00:00:00,289.52267,3.043198,1.123362624294894,3.0906263501984212,47.31440407248546,3.1829592813549117,52.84322110899066,1754.3548387096773
1986-08-01 00:00:00,289.62216,4.2273593,1.2985172162544,3.0906263501984212,47.31440407248546,3.1829592813549117,52.84322110899066,1634.2903225806451
1986-09-01 00:00:00,285.10593,1.7972909,0.5709464089249481,3.0906263501984212,47.31440407248546,3.1829592813549117,52.84322110899066,1279.5333333333333
1986-10-01 00:00:00,281.58698,2.2518175,0.005044932575982642,3.0906263501984212,47.31440407248546,3.1829592813549117,52.84322110899066,1061.90625
1986-11-01 00:00:00,276.44214,1.4717208,-0.6584427501872706,3.0906263501984212,47.31440407248546,3.1829592813549117,52.84322110899066,1073.1
1986-12-01 00:00:00,271.8312,2.9567664,-1.1868195334500298,4.484743973405533,43.913151689487,3.1829592813549117,52.84322110899066,1085.1290322580646
1987-01-01 00:00:00,266.21933,2.6925225,-0.8168809609343092,4.484743973405533,43.913151689487,3.1829592813549117,52.84322110899066,1654.774193548387
1987-02-01 00:00:00,271.56918,2.8025723,-0.5840220909926777,4.484743973405533,43.913151689487,3.1829592813549117,52.84322110899066,1594.896551724138
1987-03-01 00:00:00,271.17648,2.6943426,-0.06691554983499967,4.484743973405533,43.913151689487,3.1829592813549117,52.84322110899066,2430.548387096774
1987-04-01 00:00:00,280.9055,2.4272237,-0.28955927967153444,4.484743973405533,43.913151689487,3.1829592813549117,52.84322110899066,2679.5666666666666
1987-05-01 00:00:00,282.48148,4.8357677,0.5708403774518448,4.484743973405533,43.913151689487,3.1829592813549117,52.84322110899066,2980.483870967742
1987-06-01 00:00:00,287.1399,4.8766756,1.2521623833752251,4.484743973405533,43.913151689487,3.770866160543216,51.489469526036046,3378.9333333333334
1987-07-01 00:00:00,290.40753,4.5107236,1.7241881065540676,4.484743973405533,43.913151689487,3.770866160543216,51.489469526036046,3088.064516129032
1987-08-01 00:00:00,288.46973,3.5994842,1.9807221635396026,4.484743973405533,43.913151689487,3.770866160543216,51.489469526036046,2606.3870967741937
1987-09-01 00:00:00,288.15295,3.009385,1.565773429323836,4.484743973405533,43.913151689487,3.770866160543216,51.489469526036046,1707.7333333333333
1987-10-01 00:00:00,281.9379,2.193339,0.7688233347609971,4.484743973405533,43.913151689487,3.770866160543216,51.489469526036046,1209.0645161290322
1987-11-01 00:00:00,276.30847,2.8555856,0.1434091137482534,4.484743973405533,43.913151689487,3.770866160543216,51.489469526036046,1256.5333333333333
1987-12-01 00:00:00,273.09387,1.8698219,-0.5820894695059421,4.423479286846318,49.97340288520196,3.770866160543216,51.489469526036046,2181.625
1988-01-01 00:00:00,274.1117,2.209299,-0.9193174613360244,4.423479286846318,49.97340288520196,3.770866160543216,51.489469526036046,1449.9032258064517
1988-02-01 00:00:00,273.14767,3.3166857,-0.44464816622914344,4.423479286846318,49.97340288520196,3.770866160543216,51.489469526036046,1468.2068965517242
1988-03-01 00:00:00,274.48956,4.6296825,0.2904146178922365,4.423479286846318,49.97340288520196,3.770866160543216,51.489469526036046,3246.125
1988-04-01 00:00:00,280.47183,1.9391904,0.3176901041994548,4.423479286846318,49.97340288520196,3.770866160543216,51.489469526036046,3683.3333333333335
1988-05-01 00:00:00,286.22913,2.7105844,0.5099738169062504,4.423479286846318,49.97340288520196,3.770866160543216,51.489469526036046,2825.516129032258
1988-06-01 00:00:00,287.53134,3.735701,0.663690949320738,4.423479286846318,49.97340288520196,3.9305112259746195,51.25510754294864,2506.9666666666667
1988-07-01 00:00:00,290.50443,3.6465259,0.2929818254915391,4.423479286846318,49.97340288520196,3.9305112259746195,51.25510754294864,2056.1612903225805
1988-08-01 00:00:00,290.02808,3.4783783,0.8571870070181834,4.423479286846318,49.97340288520196,3.9305112259746195,51.25510754294864,1954.6451612903227
1988-09-01 00:00:00,285.86542,2.906007,0.9223083630359964,4.423479286846318,49.97340288520196,3.9305112259746195,51.25510754294864,2050.5
1988-10-01 00:00:00,282.13467,2.269167,0.3974595084340681,4.423479286846318,49.97340288520196,3.9305112259746195,51.25510754294864,1238.225806451613
1988-11-01 00:00:00,273.3231,1.9268264,-0.30493037118209604,4.423479286846318,49.97340288520196,3.9305112259746195,51.25510754294864,1270.2903225806451
1988-12-01 00:00:00,273.52182,3.6360183,-0.23822979260798524,5.971705128249952,48.48320075314022,3.9305112259746195,51.25510754294864,2949.8709677419356
1989-01-01 00:00:00,272.28696,0.8422403,-1.1067491168318073,5.971705128249952,48.48320075314022,3.9305112259746195,51.25510754294864,1820.967741935484
1989-02-01 00:00:00,274.97397,2.0481048,-1.1967040955499284,5.971705128249952,48.48320075314022,3.9305112259746195,51.25510754294864,1612.1785714285713
1989-03-01 00:00:00,278.96713,1.7887951,-1.2523832722930506,5.971705128249952,48.48320075314022,3.9305112259746195,51.25510754294864,1749.6774193548388
1989-04-01 00:00:00,280.20776,4.5540233,-0.8754286185381994,5.971705128249952,48.48320075314022,3.9305112259746195,51.25510754294864,2021.8666666666666
1989-05-01 00:00:00,285.42477,2.5014045,-0.1731913993677085,5.971705128249952,48.48320075314022,3.9305112259746195,51.25510754294864,2039.1935483870968
1989-06-01 00:00:00,286.94073,3.8813057,0.5581460085129294,5.971705128249952,48.48320075314022,3.4672040872559187,56.00204150725451,2139.4
1989-07-01 00:00:00,290.29398,4.3459797,1.3784831572291059,5.971705128249952,48.48320075314022,3.4672040872559187,56.00204150725451,2572.34375
1989-08-01 00:00:00,289.65344,3.2646317,0.9959852506475896,5.971705128249952,48.48320075314022,3.4672040872559187,56.00204150725451,2083.064516129032
1989-09-01 00:00:00,286.38205,2.969378,1.1418290930699766,5.971705128249952,48.48320075314022,3.4672040872559187,56.00204150725451,1823.6000000000001
1989-10-01 00:00:00,281.90125,1.6255889,0.36090196241614886,5.971705128249952,48.48320075314022,3.4672040872559187,56.00204150725451,1595.0
1989-11-01 00:00:00,273.95917,1.9873071,-0.61657773593609,5.971705128249952,48.48320075314022,3.4672040872559187,56.00204150725451,1390.7666666666667
1989-12-01 00:00:00,273.09488,1.8741851,-1.1953806606141248,7.763785379314595,56.39749512008823,3.4672040872559187,56.00204150725451,1329.96875
1990-01-01 00:00:00,271.94733,0.98908883,-1.9565343895161595,7.763785379314595,56.39749512008823,3.4672040872559187,56.00204150725451,1034.15625
1990-02-01 00:00:00,276.60684,3.1664596,-1.3713030787385727,7.763785379314595,56.39749512008823,3.4672040872559187,56.00204150725451,1812.5714285714287
1990-03-01 00:00:00,278.88318,1.6825498,-1.4909381959441537,7.763785379314595,56.39749512008823,3.4672040872559187,56.00204150725451,1994.8064516129032
1990-04-01 00:00:00,279.28613,3.222652,-0.947328440470862,7.763785379314595,56.39749512008823,3.4672040872559187,56.00204150725451,1614.5666666666666
1990-05-01 00:00:00,286.16534,2.0633533,-0.49414308559252773,7.763785379314595,56.39749512008823,3.4672040872559187,56.00204150725451,1808.8387096774193
1990-06-01 00:00:00,287.61395,4.472322,0.05495684996559766,7.763785379314595,56.39749512008823,3.884909252812672,52.6602832236234,2221.4666666666667
1990-07-01 00:00:00,289.45288,2.6178799,0.4266874851404059,7.763785379314595,56.39749512008823,3.884909252812672,52.6602832236234,2539.625
1990-08-01 00:00:00,290.61795,2.422764,0.11032440020015725,7.763785379314595,56.39749512008823,3.884909252812672,52.6602832236234,1317.4516129032259
1990-09-01 00:00:00,284.24243,3.1048913,0.5181016065354418,7.763785379314595,56.39749512008823,3.884909252812672,52.6602832236234,1412.0
1990-10-01 00:00:00,282.05228,2.6601279,-0.209683942630006,7.763785379314595,56.39749512008823,3.884909252812672,52.6602832236234,1219.4516129032259
1990-11-01 00:00:00,275.83206,3.6167946,0.20256355724949224,7.763785379314595,56.39749512008823,3.884909252812672,52.6602832236234,1599.5666666666666
1990-12-01 00:00:00,270.82697,2.2514284,0.13345746512137235,8.676266477530818,50.24714819051868,3.884909252812672,52.6602832236234,1209.4193548387098
1991-01-01 00:00:00,271.81216,1.3433596,-0.6060492197742359,8.676266477530818,50.24714819051868,3.884909252812672,52.6602832236234,1638.483870967742
1991-02-01 00:00:00,268.82828,1.1542128,-1.232001924748984,8.676266477530818,50.24714819051868,3.884909252812672,52.6602832236234,941.1785714285714
1991-03-01 00:00:00,278.1012,1.9285936,-1.8827040332046059,8.676266477530818,50.24714819051868,3.884909252812672,52.6602832236234,1349.0645161290322
1991-04-01 00:00:00,278.86896,2.148988,-1.9203450335463499,8.676266477530818,50.24714819051868,3.884909252812672,52.6602832236234,1132.5666666666666
1991-05-01 00:00:00,281.3858,3.7281609,-0.9891495525028549,8.676266477530818,50.24714819051868,3.884909252812672,52.6602832236234,1979.1612903225807
1991-06-01 00:00:00,286.77936,4.4603043,0.38432929420188683,8.676266477530818,50.24714819051868,3.9710852728704547,50.67296374229705,2670.5666666666666
1991-07-01 00:00:00,291.4078,3.569723,0.9682247395188102,8.676266477530818,50.24714819051868,3.9710852728704547,50.67296374229705,2625.6774193548385
1991-08-01 00:00:00,290.50366,2.4544213,1.0653609249095823,8.676266477530818,50.24714819051868,3.9710852728704547,50.67296374229705,3157.1875
1991-09-01 00:00:00,287.44318,2.573433,0.6789871645340668,8.676266477530818,50.24714819051868,3.9710852728704547,50.67296374229705,1117.1333333333334
1991-10-01 00:00:00,279.97656,1.7866436,-0.3881817193407258,8.676266477530818,50.24714819051868,3.9710852728704547,50.67296374229705,989.483870967742
1991-11-01 00:00:00,275.2643,3.2035625,-0.543874032943515,8.676266477530818,50.24714819051868,3.9710852728704547,50.67296374229705,1010.2
1991-12-01 00:00:00,270.35193,2.9293802,-0.3419792450182506,4.423799327529574,54.198134867200444,3.9710852728704547,50.67296374229705,1549.125
1992-01-01 00:00:00,271.77786,1.0484914,-0.9857856137192595,4.423799327529574,54.198134867200444,3.9710852728704547,50.67296374229705,1199.8387096774193
1992-02-01 00:00:00,273.7654,1.8281469,-0.9685797135407113,4.423799327529574,54.198134867200444,3.9710852728704547,50.67296374229705,1330.8620689655172
1992-03-01 00:00:00,276.43158,3.7037086,-0.7592597530119141,4.423799327529574,54.198134867200444,3.9710852728704547,50.67296374229705,2030.5806451612902
1992-04-01 00:00:00,279.94672,2.7663999,-0.8278331117763644,4.423799327529574,54.198134867200444,3.9710852728704547,50.67296374229705,2217.6666666666665
1992-05-01 00:00:00,286.13077,1.4442865,-0.6608354680517108,4.423799327529574,54.198134867200444,3.9710852728704547,50.67296374229705,2587.2903225806454
1992-06-01 00:00:00,288.78467,4.2067327,0.3279790714943394,4.423799327529574,54.198134867200444,3.5563311593016698,51.984423037065845,2142.5666666666666
1992-07-01 00:00:00,291.08398,3.1582522,0.11006061916239775,4.423799327529574,54.198134867200444,3.5563311593016698,51.984423037065845,1668.483870967742
1992-08-01 00:00:00,293.1294,2.1206334,-0.15739914128137997,4.423799327529574,54.198134867200444,3.5563311593016698,51.984423037065845,1222.6451612903227
1992-09-01 00:00:00,286.15942,2.517527,0.2815966812507323,4.423799327529574,54.198134867200444,3.5563311593016698,51.984423037065845,1178.6
1992-10-01 00:00:00,279.2516,4.1103997,0.24340225994248446,4.423799327529574,54.198134867200444,3.5563311593016698,51.984423037065845,1155.5
1992-11-01 00:00:00,276.8684,3.4191468,0.34616701805806377,4.423799327529574,54.198134867200444,3.5563311593016698,51.984423037065845,2461.483870967742
1992-12-01 00:00:00,271.65082,2.4789326,0.48360325674799776,5.843001636298475,59.42476592691504,3.5563311593016698,51.984423037065845,2127.3870967741937
1993-01-01 00:00:00,273.06467,1.8307447,0.21643757132308322,5.843001636298475,59.42476592691504,3.5563311593016698,51.984423037065845,1575.5483870967741
1993-02-01 00:00:00,270.51227,1.3707086,-0.9311941265785953,5.843001636298475,59.42476592691504,3.5563311593016698,51.984423037065845,1265.7142857142858
1993-03-01 00:00:00,275.04462,1.55047,-1.675930565306965,5.843001636298475,59.42476592691504,3.5563311593016698,51.984423037065845,1778.59375
1993-04-01 00:00:00,281.7702,1.9817332,-1.8620218566506992,5.843001636298475,59.42476592691504,3.5563311593016698,51.984423037065845,1987.8
1993-05-01 00:00:00,287.14484,2.474308,-1.620201488761981,5.843001636298475,59.42476592691504,3.5563311593016698,51.984423037065845,1857.516129032258
1993-06-01 00:00:00,288.42444,3.7056813,-0.6736919083543903,5.843001636298475,59.42476592691504,4.433517479623674,54.10342531335723,1957.6333333333334
1993-07-01 00:00:00,288.98026,4.696335,0.6068382651550187,5.843001636298475,59.42476592691504,4.433517479623674,54.10342531335723,2887.625
1993-08-01 00:00:00,289.65125,3.007707,0.960717256751176,5.843001636298475,59.42476592691504,4.433517479623674,54.10342531335723,2096.7419354838707
1993-09-01 00:00:00,285.22745,3.5320327,1.2831302571237946,5.843001636298475,59.42476592691504,4.433517479623674,54.10342531335723,2011.6333333333334
1993-10-01 00:00:00,280.8388,3.9986122,1.3652904140426676,5.843001636298475,59.42476592691504,4.433517479623674,54.10342531335723,1656.741935483871
1993-11-01 00:00:00,272.8012,1.9400647,0.46560859871001065,5.843001636298475,59.42476592691504,4.433517479623674,54.10342531335723,1259.8333333333333
1993-12-01 00:00:00,273.95505,3.9372292,0.8016353635042824,6.238967770032177,57.8005477902332,4.433517479623674,54.10342531335723,1983.3225806451612
1994-01-01 00:00:00,274.1473,2.813869,0.5448965951086393,6.238967770032177,57.8005477902332,4.433517479623674,54.10342531335723,1965.0967741935483
1994-02-01 00:00:00,272.24457,1.3781,-0.522104789817193,6.238967770032177,57.8005477902332,4.433517479623674,54.10342531335723,1580.642857142857
1994-03-01 00:00:00,279.22656,2.5976443,-0.24295088424686592,6.238967770032177,57.8005477902332,4.433517479623674,54.10342531335723,2291.6774193548385
1994-04-01 00:00:00,279.90268,3.8345454,-0.28638420283120397,6.238967770032177,57.8005477902332,4.433517479623674,54.10342531335723,3085.2258064516127
1994-05-01 00:00:00,285.2388,3.6217837,0.051342855219074425,6.238967770032177,57.8005477902332,4.433517479623674,54.10342531335723,2624.3870967741937
1994-06-01 00:00:00,288.92984,2.9013073,0.6421339824985772,6.238967770032177,57.8005477902332,3.753642274091324,53.48985554897736,2431.2
1994-07-01 00:00:00,293.34784,2.5617967,0.6291621132401931,6.238967770032177,57.8005477902332,3.753642274091324,53.48985554897736,1724.7096774193549
1994-08-01 00:00:00,291.2208,3.814713,0.621964357935124,6.238967770032177,57.8005477902332,3.753642274091324,53.48985554897736,1406.225806451613
1994-09-01 00:00:00,286.73947,3.5612135,0.5998885275069329,6.238967770032177,57.8005477902332,3.753642274091324,53.48985554897736,1399.7
1994-10-01 00:00:00,280.03424,1.981748,0.2484373688747364,6.238967770032177,57.8005477902332,3.753642274091324,53.48985554897736,1054.967741935484
1994-11-01 00:00:00,278.98996,2.2063522,0.10531793412487693,6.238967770032177,57.8005477902332,3.753642274091324,53.48985554897736,1338.0645161290322
1994-12-01 00:00:00,274.28845,2.4022229,-0.4871162865736861,7.547037421597247,48.35681176023204,3.753642274091324,53.48985554897736,1433.6129032258063
1995-01-01 00:00:00,270.77652,3.2489529,-0.6198155586078113,7.547037421597247,48.35681176023204,3.753642274091324,53.48985554897736,1782.774193548387
1995-02-01 00:00:00,275.997,2.528985,-0.38720772570320156,7.547037421597247,48.35681176023204,3.753642274091324,53.48985554897736,2115.785714285714
1995-03-01 00:00:00,274.93454,3.1745336,0.01950213749598295,7.547037421597247,48.35681176023204,3.753642274091324,53.48985554897736,1966.5483870967741
1995-04-01 00:00:00,280.8344,3.30122,0.37955250727145856,7.547037421597247,48.35681176023204,3.753642274091324,53.48985554897736,3094.8
1995-05-01 00:00:00,284.82248,3.5750294,0.5038330622520576,7.547037421597247,48.35681176023204,3.753642274091324,53.48985554897736,2715.967741935484
1995-06-01 00:00:00,286.8763,4.881724,1.2804878979982246,7.547037421597247,48.35681176023204,2.1322462460779916,60.76975621256673,3871.6666666666665
1995-07-01 00:00:00,292.74905,2.8533738,1.1868554978544021,7.547037421597247,48.35681176023204,2.1322462460779916,60.76975621256673,2465.032258064516
1995-08-01 00:00:00,289.82266,4.122679,1.4192218101149918,7.547037421597247,48.35681176023204,2.1322462460779916,60.76975621256673,1809.1935483870968
1995-09-01 00:00:00,284.63107,4.2731247,1.5993663242763132,7.547037421597247,48.35681176023204,2.1322462460779916,60.76975621256673,2745.1612903225805
1995-10-01 00:00:00,283.65564,0.65108615,0.24079561681984712,7.547037421597247,48.35681176023204,2.1322462460779916,60.76975621256673,1234.258064516129
1995-11-01 00:00:00,274.2632,2.5445585,0.11648100520524216,7.547037421597247,48.35681176023204,2.1322462460779916,60.76975621256673,1561.8666666666666
1995-12-01 00:00:00,270.93686,2.6754808,-0.49021520709145305,9.367533190874237,50.78660479758883,2.1322462460779916,60.76975621256673,1582.65625
1996-01-01 00:00:00,269.53543,1.0453596,-1.7941581698297855,9.367533190874237,50.78660479758883,2.1322462460779916,60.76975621256673,1222.5483870967741
1996-02-01 00:00:00,269.274,1.6725225,-1.402551125828411,9.367533190874237,50.78660479758883,2.1322462460779916,60.76975621256673,935.2758620689655
1996-03-01 00:00:00,272.95325,1.4421756,-1.824283746455931,9.367533190874237,50.78660479758883,2.1322462460779916,60.76975621256673,1219.8125
1996-04-01 00:00:00,280.49713,2.2965891,-1.9636514071335935,9.367533190874237,50.78660479758883,2.1322462460779916,60.76975621256673,1831.1000000000001
1996-05-01 00:00:00,284.92154,4.6958055,-0.5060177987771943,9.367533190874237,50.78660479758883,2.1322462460779916,60.76975621256673,2638.516129032258
1996-06-01 00:00:00,288.9354,3.3526008,0.1955800142825671,9.367533190874237,50.78660479758883,3.314436950148659,54.700444089393244,1987.2666666666667
1996-07-01 00:00:00,288.63437,4.0400944,1.1186432259974868,9.367533190874237,50.78660479758883,3.314436950148659,54.700444089393244,2260.7741935483873
1996-08-01 00:00:00,289.2043,4.3748646,1.6801039739620511,9.367533190874237,50.78660479758883,3.314436950148659,54.700444089393244,1725.6129032258063
1996-09-01 00:00:00,282.91302,3.4181733,1.3517634149804234,9.367533190874237,50.78660479758883,3.314436950148659,54.700444089393244,2310.7
1996-10-01 00:00:00,281.53952,3.3352437,1.3469478838197053,9.367533190874237,50.78660479758883,3.314436950148659,54.700444089393244,2412.0
1996-11-01 00:00:00,276.95187,3.692585,1.2483568331714732,9.367533190874237,50.78660479758883,3.314436950148659,54.700444089393244,1838.4666666666667
1996-12-01 00:00:00,269.2667,1.5144668,0.2647111848585158,2.5763490698992824,43.23198740589735,3.314436950148659,54.700444089393244,1476.225806451613
1997-01-01 00:00:00,269.54132,0.8648313,-0.8024645686155168,2.5763490698992824,43.23198740589735,3.314436950148659,54.700444089393244,1128.0
1997-02-01 00:00:00,274.88498,2.2279265,-1.2585508679303907,2.5763490698992824,43.23198740589735,3.314436950148659,54.700444089393244,1398.0357142857142
1997-03-01 00:00:00,277.61322,2.2168112,-1.8285544485442755,2.5763490698992824,43.23198740589735,3.314436950148659,54.700444089393244,2106.935483870968
1997-04-01 00:00:00,278.1823,2.6145585,-1.4079855347813277,2.5763490698992824,43.23198740589735,3.314436950148659,54.700444089393244,2022.0666666666666
1997-05-01 00:00:00,285.644,2.6171377,-0.6888307891523031,2.5763490698992824,43.23198740589735,3.314436950148659,54.700444089393244,2516.0
1997-06-01 00:00:00,288.39246,4.89379,0.41369334944211644,2.5763490698992824,43.23198740589735,2.5424618173638667,49.4969151814848,2102.5666666666666
1997-07-01 00:00:00,289.1695,6.052152,1.6109047138699042,2.5763490698992824,43.23198740589735,2.5424618173638667,49.4969151814848,3715.4375
1997-08-01 00:00:00,291.03595,2.9172993,1.6841531715178122,2.5763490698992824,43.23198740589735,2.5424618173638667,49.4969151814848,1873.967741935484
1997-09-01 00:00:00,286.73215,1.3558439,1.3609880478059444,2.5763490698992824,43.23198740589735,2.5424618173638667,49.4969151814848,1184.7
1997-10-01 00:00:00,279.81177,2.0938272,0.4430746559709595,2.5763490698992824,43.23198740589735,2.5424618173638667,49.4969151814848,1456.5806451612902
1997-11-01 00:00:00,276.0263,2.6280992,-0.9745988329919956,2.5763490698992824,43.23198740589735,2.5424618173638667,49.4969151814848,984.9354838709677
1997-12-01 00:00:00,273.42175,2.9413245,-0.9646316423063226,4.481447981520391,51.17432615375418,2.5424618173638667,49.4969151814848,1593.9032258064517
1998-01-01 00:00:00,272.9572,1.6932745,-0.8237276848331003,4.481447981520391,51.17432615375418,2.5424618173638667,49.4969151814848,1193.0606451612903
1998-02-01 00:00:00,275.66196,0.7017527,-1.3920881008024681,4.481447981520391,51.17432615375418,2.5424618173638667,49.4969151814848,1001.4027586206895
1998-03-01 00:00:00,276.099,2.59595,-1.4047656855191486,4.481447981520391,51.17432615375418,2.5424618173638667,49.4969151814848,1680.5083870967742
1998-04-01 00:00:00,281.22275,3.3571746,-1.239109387246951,4.481447981520391,51.17432615375418,2.5424618173638667,49.4969151814848,1740.4813333333334
1998-05-01 00:00:00,285.98273,2.2955787,-0.9930824196733352,4.481447981520391,51.17432615375418,2.5424618173638667,49.4969151814848,1634.3554838709679
1998-06-01 00:00:00,289.431,4.2996264,0.49201600736378376,4.481447981520391,51.17432615375418,4.802069043892182,51.359121345133026,1941.0243333333333
1998-07-01 00:00:00,290.04074,4.361929,1.096913256740339,4.481447981520391,51.17432615375418,4.802069043892182,51.359121345133026,2047.3970967741939
1998-08-01 00:00:00,290.33197,2.5898428,0.8490140189945814,4.481447981520391,51.17432615375418,4.802069043892182,51.359121345133026,1461.9574193548383
1998-09-01 00:00:00,285.48233,5.2880855,1.69815908739017,4.481447981520391,51.17432615375418,4.802069043892182,51.359121345133026,2060.727
1998-10-01 00:00:00,281.30475,4.9444294,1.8450716695654774,4.481447981520391,51.17432615375418,4.802069043892182,51.359121345133026,1896.2548387096776
1998-11-01 00:00:00,273.2709,2.6562538,1.43150789203886,4.481447981520391,51.17432615375418,4.802069043892182,51.359121345133026,3001.257419354839
1998-12-01 00:00:00,271.15424,1.3909024,1.0862108182218104,5.701353675401941,51.652458869605496,4.802069043892182,51.359121345133026,1823.0441935483866
1999-01-01 00:00:00,272.4658,1.9792871,-0.14020465377728017,5.701353675401941,51.652458869605496,4.802069043892182,51.359121345133026,1501.934838709677
1999-02-01 00:00:00,271.1747,3.8441386,-0.6065282616874775,5.701353675401941,51.652458869605496,4.802069043892182,51.359121345133026,2241.2107142857144
1999-03-01 00:00:00,277.3753,2.3767676,-0.7249162447370187,5.701353675401941,51.652458869605496,4.802069043892182,51.359121345133026,2855.0409677419357
1999-04-01 00:00:00,281.05896,3.2106419,0.042616963932754805,5.701353675401941,51.652458869605496,4.802069043892182,51.359121345133026,2490.5476666666664
1999-05-01 00:00:00,286.2754,3.785117,0.7352143489252917,5.701353675401941,51.652458869605496,4.802069043892182,51.359121345133026,4143.7675
1999-06-01 00:00:00,287.9094,4.5255837,0.9652865138372979,5.701353675401941,51.652458869605496,2.9864280919074138,52.82789101763359,2904.2653333333333
1999-07-01 00:00:00,291.0343,3.983432,1.438495096679913,5.701353675401941,51.652458869605496,2.9864280919074138,52.82789101763359,2537.4303225806457
1999-08-01 00:00:00,289.72626,3.7986994,1.5899210597471725,5.701353675401941,51.652458869605496,2.9864280919074138,52.82789101763359,1745.9435483870968
1999-09-01 00:00:00,288.7141,2.9082959,1.360139379737416,5.701353675401941,51.652458869605496,2.9864280919074138,52.82789101763359,1522.025
1999-10-01 00:00:00,281.4251,2.074529,0.572701385543969,5.701353675401941,51.652458869605496,2.9864280919074138,52.82789101763359,1319.245806451613
1999-11-01 00:00:00,274.2171,2.645528,0.04928078071131515,5.701353675401941,51.652458869605496,2.9864280919074138,52.82789101763359,1169.8466666666668
1999-12-01 00:00:00,272.19846,3.2429256,-0.18204591573657317,7.275947784402801,54.0147403918274,2.9864280919074138,52.82789101763359,1556.853870967742
2000-01-01 00:00:00,270.30917,1.9343276,-0.5951798950475369,7.275947784402801,54.0147403918274,2.9864280919074138,52.82789101763359,1490.0835483870972
2000-02-01 00:00:00,274.95486,2.560913,-0.38840535223467443,7.275947784402801,54.0147403918274,2.9864280919074138,52.82789101763359,2495.740344827587
2000-03-01 00:00:00,276.9192,4.180778,0.24822793170717,7.275947784402801,54.0147403918274,2.9864280919074138,52.82789101763359,3134.9815625000006
2000-04-01 00:00:00,282.76068,2.0840232,-0.22893041794992863,7.275947784402801,54.0147403918274,2.9864280919074138,52.82789101763359,3021.344666666666
2000-05-01 00:00:00,287.10257,3.2864037,0.3244528305774661,7.275947784402801,54.0147403918274,2.9864280919074138,52.82789101763359,2987.6119354838706
2000-06-01 00:00:00,290.05203,2.2347968,0.19511052579974197,7.275947784402801,54.0147403918274,3.4835511558815484,51.79549908652387,2272.3219999999997
2000-07-01 00:00:00,288.25394,5.25164,0.6064025947946564,7.275947784402801,54.0147403918274,3.4835511558815484,51.79549908652387,2075.9551612903224
2000-08-01 00:00:00,291.13425,3.0075107,0.9268302102269051,7.275947784402801,54.0147403918274,3.4835511558815484,51.79549908652387,2206.954838709677
2000-09-01 00:00:00,286.1973,3.1169944,0.8705552017065123,7.275947784402801,54.0147403918274,3.4835511558815484,51.79549908652387,1823.0866666666666
2000-10-01 00:00:00,283.0805,3.5188503,1.2697406878907889,7.275947784402801,54.0147403918274,3.4835511558815484,51.79549908652387,1869.467419354839
2000-11-01 00:00:00,277.88275,3.7534997,0.7978257654941541,7.275947784402801,54.0147403918274,3.4835511558815484,51.79549908652387,1334.5743333333335
2000-12-01 00:00:00,273.9993,1.8116869,0.35913534392818774,8.086804955728507,54.11381189376435,3.4835511558815484,51.79549908652387,1240.6632258064515
2001-01-01 00:00:00,271.95505,2.3698564,0.06029688246183293,8.086804955728507,54.11381189376435,3.4835511558815484,51.79549908652387,1358.9745161290327
2001-02-01 00:00:00,273.94275,2.055256,-0.5556742574699522,8.086804955728507,54.11381189376435,3.4835511558815484,51.79549908652387,1638.3514285714286
2001-03-01 00:00:00,277.5493,4.431277,-0.26779606777584913,8.086804955728507,54.11381189376435,3.4835511558815484,51.79549908652387,2986.87
2001-04-01 00:00:00,279.32114,3.4447856,0.3978819025393224,8.086804955728507,54.11381189376435,3.4835511558815484,51.79549908652387,2528.670666666667
2001-05-01 00:00:00,287.2434,2.1648996,0.3182233823217097,8.086804955728507,54.11381189376435,3.4835511558815484,51.79549908652387,2457.4377419354846
2001-06-01 00:00:00,287.09885,4.2925386,1.102823809688621,8.086804955728507,54.11381189376435,3.9004069108004136,50.94173153263289,2885.7383333333332
2001-07-01 00:00:00,290.8252,3.8017743,0.9016063480346947,8.086804955728507,54.11381189376435,3.9004069108004136,50.94173153263289,2061.7674193548387
2001-08-01 00:00:00,291.41202,2.9744587,0.7411780189269391,8.086804955728507,54.11381189376435,3.9004069108004136,50.94173153263289,1599.2541935483875
2001-09-01 00:00:00,283.81174,5.2692046,1.6500169182496869,8.086804955728507,54.11381189376435,3.9004069108004136,50.94173153263289,2633.528666666666
2001-10-01 00:00:00,284.57892,1.5441618,0.8633857362477058,8.086804955728507,54.11381189376435,3.9004069108004136,50.94173153263289,1342.766129032258
2001-11-01 00:00:00,274.7842,2.6097279,0.43484645702228697,8.086804955728507,54.11381189376435,3.9004069108004136,50.94173153263289,1327.1916666666664
2001-12-01 00:00:00,269.65173,2.4857533,0.24421207936674263,4.8426503002636085,42.76017637231391,3.9004069108004136,50.94173153263289,1945.8483870967743
2002-01-01 00:00:00,271.38943,0.958845,-1.5351044431675338,4.8426503002636085,42.76017637231391,3.9004069108004136,50.94173153263289,1796.8387096774193
2002-02-01 00:00:00,276.36566,3.3700116,-0.7952253891671741,4.8426503002636085,42.76017637231391,3.9004069108004136,50.94173153263289,2188.5
2002-03-01 00:00:00,277.74097,2.459459,-0.8583075209592278,4.8426503002636085,42.76017637231391,3.9004069108004136,50.94173153263289,3150.9780645161286
2002-04-01 00:00:00,280.29865,2.414898,-0.8879494894916024,4.8426503002636085,42.76017637231391,3.9004069108004136,50.94173153263289,2013.7333333333333
2002-05-01 00:00:00,286.75027,3.8544972,0.31926135065298666,4.8426503002636085,42.76017637231391,3.9004069108004136,50.94173153263289,2245.3548387096776
2002-06-01 00:00:00,290.53284,3.494441,0.3677787922616096,4.8426503002636085,42.76017637231391,3.300314987463156,51.65944837794352,2137.6666666666665
2002-07-01 00:00:00,290.87003,3.9470496,0.9038911254939728,4.8426503002636085,42.76017637231391,3.300314987463156,51.65944837794352,1748.741935483871
2002-08-01 00:00:00,290.70282,5.4663167,1.750125231310555,4.8426503002636085,42.76017637231391,3.300314987463156,51.65944837794352,4057.7124999999996
2002-09-01 00:00:00,284.9998,3.3403509,1.62819659586533,4.8426503002636085,42.76017637231391,3.300314987463156,51.65944837794352,2049.266666666667
2002-10-01 00:00:00,280.93472,3.5321555,1.6373865136330843,4.8426503002636085,42.76017637231391,3.300314987463156,51.65944837794352,2426.1612903225805
2002-11-01 00:00:00,278.38202,5.0354624,1.8864131294936919,4.8426503002636085,42.76017637231391,3.300314987463156,51.65944837794352,3405.366666666667
2002-12-01 00:00:00,272.3341,2.5225992,1.132506195096674,6.394130200340048,53.19090714893363,3.300314987463156,51.65944837794352,2370.064516129032
2003-01-01 00:00:00,270.5794,2.45897,0.8497610839761751,6.394130200340048,53.19090714893363,3.300314987463156,51.65944837794352,2556.548387096774
2003-02-01 00:00:00,269.12088,0.9135464,-0.15711638541977319,6.394130200340048,53.19090714893363,3.300314987463156,51.65944837794352,1627.392857142857
2003-03-01 00:00:00,277.4063,0.85204726,-1.8570302965650134,6.394130200340048,53.19090714893363,3.300314987463156,51.65944837794352,1809.0645161290322
2003-04-01 00:00:00,280.27167,1.8853136,-2.0889708051895886,6.394130200340048,53.19090714893363,3.300314987463156,51.65944837794352,1546.0666666666666
2003-05-01 00:00:00,287.43533,3.0129244,-1.8877723267235134,6.394130200340048,53.19090714893363,3.300314987463156,51.65944837794352,1931.5806451612902
2003-06-01 00:00:00,292.70197,2.2370145,-1.3830646757537173,6.394130200340048,53.19090714893363,3.5011451908197224,49.948368635294365,1721.6666666666667
2003-07-01 00:00:00,291.60596,3.2912214,-0.3702316841049531,6.394130200340048,53.19090714893363,3.5011451908197224,49.948368635294365,1277.0645161290322
2003-08-01 00:00:00,293.7987,1.6985925,-0.449597950851665,6.394130200340048,53.19090714893363,3.5011451908197224,49.948368635294365,1001.483870967742
2003-09-01 00:00:00,286.33395,1.8170979,-0.9543201942923759,6.394130200340048,53.19090714893363,3.5011451908197224,49.948368635294365,1130.8333333333333
2003-10-01 00:00:00,278.45294,3.250504,-0.5271421733685805,6.394130200340048,53.19090714893363,3.5011451908197224,49.948368635294365,1538.6774193548388
2003-11-01 00:00:00,277.7229,2.1443093,-1.009606625354412,6.394130200340048,53.19090714893363,3.5011451908197224,49.948368635294365,895.9
2003-12-01 00:00:00,272.6014,2.0189514,-0.8763909392453132,3.364761251619561,47.901014719215276,3.5011451908197224,49.948368635294365,864.6129032258065
2004-01-01 00:00:00,270.35883,3.1227026,-0.323546642427121,3.364761251619561,47.901014719215276,3.5011451908197224,49.948368635294365,1700.1290322580646
2004-02-01 00:00:00,273.52032,2.3762662,-0.6948414746541954,3.364761251619561,47.901014719215276,3.5011451908197224,49.948368635294365,1617.6206896551723
2004-03-01 00:00:00,275.57983,2.2652652,-0.6436079921554458,3.364761251619561,47.901014719215276,3.5011451908197224,49.948368635294365,1622.7096774193549
2004-04-01 00:00:00,281.40414,2.3065183,-0.5214714232162756,3.364761251619561,47.901014719215276,3.5011451908197224,49.948368635294365,1922.2666666666667
2004-05-01 00:00:00,283.8766,3.4842622,-0.36775218710146546,3.364761251619561,47.901014719215276,3.5011451908197224,49.948368635294365,1962.4516129032259
2004-06-01 00:00:00,288.2048,4.119805,0.34933956537021427,3.364761251619561,47.901014719215276,3.9029567476622353,49.55284521775753,2691.0
2004-07-01 00:00:00,289.98526,3.480725,0.7959181690546888,3.364761251619561,47.901014719215276,3.9029567476622353,49.55284521775753,2080.548387096774
2004-08-01 00:00:00,290.89627,3.1808596,1.0818661918138006,3.364761251619561,47.901014719215276,3.9029567476622353,49.55284521775753,1507.1290322580646
2004-09-01 00:00:00,286.45755,2.4414966,0.7373972450286397,3.364761251619561,47.901014719215276,3.9029567476622353,49.55284521775753,1486.0666666666666
2004-10-01 00:00:00,282.856,2.813985,0.24748120751477418,3.364761251619561,47.901014719215276,3.9029567476622353,49.55284521775753,1329.6129032258063
2004-11-01 00:00:00,276.1856,2.6324325,-0.09921875819250178,3.364761251619561,47.901014719215276,3.9029567476622353,49.55284521775753,1304.3
2004-12-01 00:00:00,272.1913,1.4842758,-0.8171486349719155,4.979158125923848,54.328222263076135,3.9029567476622353,49.55284521775753,1004.0645161290323
2005-01-01 00:00:00,271.94272,2.3357768,-0.8614897202567695,4.979158125923848,54.328222263076135,3.9029567476622353,49.55284521775753,1309.967741935484
2005-02-01 00:00:00,269.68277,2.7587545,-0.8845953669557959,4.979158125923848,54.328222263076135,3.9029567476622353,49.55284521775753,1675.607142857143
2005-03-01 00:00:00,275.21902,1.7077183,-1.2638849427482677,4.979158125923848,54.328222263076135,3.9029567476622353,49.55284521775753,2251.8709677419356
2005-04-01 00:00:00,281.46127,3.1888168,-0.5553480698975837,4.979158125923848,54.328222263076135,3.9029567476622353,49.55284521775753,2578.8
2005-05-01 00:00:00,285.85724,3.3396726,-0.13010581658902293,4.979158125923848,54.328222263076135,3.9029567476622353,49.55284521775753,2707.451612903226
2005-06-01 00:00:00,289.34872,2.6483471,-0.17646046697158047,4.979158125923848,54.328222263076135,3.4357310175809546,55.20097972565983,1921.5333333333333
2005-07-01 00:00:00,290.658,4.880236,1.0163443361917144,4.979158125923848,54.328222263076135,3.4357310175809546,55.20097972565983,2715.1935483870966
2005-08-01 00:00:00,288.5768,4.808588,1.4839053063339545,4.979158125923848,54.328222263076135,3.4357310175809546,55.20097972565983,2742.4193548387098
2005-09-01 00:00:00,287.32092,2.6749218,1.3031269806657257,4.979158125923848,54.328222263076135,3.4357310175809546,55.20097972565983,1630.9
2005-10-01 00:00:00,282.6379,1.4159231,0.9266059555429695,4.979158125923848,54.328222263076135,3.4357310175809546,55.20097972565983,1370.1290322580646
2005-11-01 00:00:00,275.38385,1.8958416,-0.21406455382558223,4.979158125923848,54.328222263076135,3.4357310175809546,55.20097972565983,934.8666666666667
2005-12-01 00:00:00,271.22333,2.735423,-1.0871523372193084,5.701272792965492,58.66047949846293,3.4357310175809546,55.20097972565983,1023.1935483870968
2006-01-01 00:00:00,268.26492,1.4922395,-1.5579191317267282,5.701272792965492,58.66047949846293,3.4357310175809546,55.20097972565983,912.483870967742
2006-02-01 00:00:00,270.96155,2.2034802,-1.2476279864481494,5.701272792965492,58.66047949846293,3.4357310175809546,55.20097972565983,1182.4642857142858
2006-03-01 00:00:00,273.96548,3.2523925,-0.685825078885668,5.701272792965492,58.66047949846293,3.4357310175809546,55.20097972565983,2523.5806451612902
2006-04-01 00:00:00,281.0197,3.3754714,-0.4139532331516467,5.701272792965492,58.66047949846293,3.4357310175809546,55.20097972565983,3889.7000000000003
2006-05-01 00:00:00,285.4007,4.021938,0.6050953013356245,5.701272792965492,58.66047949846293,3.4357310175809546,55.20097972565983,3069.3548387096776
2006-06-01 00:00:00,289.5706,3.1056845,0.9186409966836079,5.701272792965492,58.66047949846293,2.7226803918882,55.56741447571754,3095.5666666666666
2006-07-01 00:00:00,294.00284,2.141075,0.5279268792318654,5.701272792965492,58.66047949846293,2.7226803918882,55.56741447571754,1770.6451612903227
2006-08-01 00:00:00,287.7484,5.632266,1.2714538721017041,5.701272792965492,58.66047949846293,2.7226803918882,55.56741447571754,2356.3548387096776
2006-09-01 00:00:00,288.8315,1.714196,0.5088789254337753,5.701272792965492,58.66047949846293,2.7226803918882,55.56741447571754,1537.3666666666666
2006-10-01 00:00:00,283.93546,1.9744071,0.06359776987354891,5.701272792965492,58.66047949846293,2.7226803918882,55.56741447571754,1026.1290322580646
2006-11-01 00:00:00,278.53107,1.9899722,0.0013987217281570977,5.701272792965492,58.66047949846293,2.7226803918882,55.56741447571754,1377.5
2006-12-01 00:00:00,274.79343,1.4987408,-1.6962062833995506,2.592772252297462,58.953819523223245,2.7226803918882,55.56741447571754,947.258064516129
2007-01-01 00:00:00,275.87994,3.0452454,-1.1743407246205364,2.592772252297462,58.953819523223245,2.7226803918882,55.56741447571754,1452.9032258064517
2007-02-01 00:00:00,276.04724,2.407566,-0.9967787915484122,2.592772252297462,58.953819523223245,2.7226803918882,55.56741447571754,1521.4642857142858
2007-03-01 00:00:00,278.0397,2.860378,-0.6314174246927756,2.592772252297462,58.953819523223245,2.7226803918882,55.56741447571754,1818.5806451612902
2007-04-01 00:00:00,284.1169,0.5083164,-1.046317757741383,2.592772252297462,58.953819523223245,2.7226803918882,55.56741447571754,1380.2666666666667
2007-05-01 00:00:00,286.98544,4.3546653,-0.49588206551122394,2.592772252297462,58.953819523223245,2.7226803918882,55.56741447571754,1754.741935483871
2007-06-01 00:00:00,290.38025,4.2285132,0.2613033585681764,2.592772252297462,58.953819523223245,3.5159185161621993,48.8269477598111,1782.2666666666667
2007-07-01 00:00:00,290.8593,3.8492246,0.6368707754843126,2.592772252297462,58.953819523223245,3.5159185161621993,48.8269477598111,1941.1935483870968
2007-08-01 00:00:00,290.01007,3.9697921,1.6654803117926127,2.592772252297462,58.953819523223245,3.5159185161621993,48.8269477598111,1558.6451612903227
2007-09-01 00:00:00,284.61664,4.3308225,1.6597524827428691,2.592772252297462,58.953819523223245,3.5159185161621993,48.8269477598111,3130.0666666666666
2007-10-01 00:00:00,280.67587,1.6811904,0.9434464670217065,2.592772252297462,58.953819523223245,3.5159185161621993,48.8269477598111,1425.3225806451612
2007-11-01 00:00:00,274.79318,3.3150759,0.763244774677987,2.592772252297462,58.953819523223245,3.5159185161621993,48.8269477598111,1952.4666666666667
2007-12-01 00:00:00,271.98444,1.9450614,-0.0146073634762113,7.506744436381174,51.084342567658766,3.5159185161621993,48.8269477598111,1926.3225806451612
2008-01-01 00:00:00,274.348,1.8566127,-1.0560151614772324,7.506744436381174,51.084342567658766,3.5159185161621993,48.8269477598111,1547.8709677419354
2008-02-01 00:00:00,275.25778,1.1993823,-1.2519917778281417,7.506744436381174,51.084342567658766,3.5159185161621993,48.8269477598111,1244.1379310344828
2008-03-01 00:00:00,276.34906,3.480736,-1.1851185785868137,7.506744436381174,51.084342567658766,3.5159185161621993,48.8269477598111,2088.6129032258063
2008-04-01 00:00:00,280.42148,3.7349734,-0.4360106213765546,7.506744436381174,51.084342567658766,3.5159185161621993,48.8269477598111,2209.1
2008-05-01 00:00:00,286.78232,2.533356,-0.14961356450225116,7.506744436381174,51.084342567658766,3.5159185161621993,48.8269477598111,2369.2903225806454
2008-06-01 00:00:00,290.07126,3.7681658,0.8389418893318492,7.506744436381174,51.084342567658766,4.191705178062569,49.48694355301119,2226.233333333333
2008-07-01 00:00:00,290.69232,4.3138595,1.1080029363979975,7.506744436381174,51.084342567658766,4.191705178062569,49.48694355301119,2294.7741935483873
2008-08-01 00:00:00,290.41437,3.5422084,1.0481274545772303,7.506744436381174,51.084342567658766,4.191705178062569,49.48694355301119,1989.516129032258
2008-09-01 00:00:00,285.02698,2.9973855,1.1899077401573157,7.506744436381174,51.084342567658766,4.191705178062569,49.48694355301119,1306.0
2008-10-01 00:00:00,281.87375,2.7775934,0.8772926951762472,7.506744436381174,51.084342567658766,4.191705178062569,49.48694355301119,1118.6451612903227
2008-11-01 00:00:00,277.03357,2.4920962,0.20444997539170565,7.506744436381174,51.084342567658766,4.191705178062569,49.48694355301119,1070.6
2008-12-01 00:00:00,272.9575,2.8558981,-0.07659613499014421,6.537062990116962,53.671323241591686,4.191705178062569,49.48694355301119,1382.6774193548388
2009-01-01 00:00:00,269.27808,1.6348327,-0.6532587427140948,6.537062990116962,53.671323241591686,4.191705178062569,49.48694355301119,990.6129032258065
2009-02-01 00:00:00,272.08075,3.2189832,-0.4657345181747551,6.537062990116962,53.671323241591686,4.191705178062569,49.48694355301119,1080.3214285714287
2009-03-01 00:00:00,276.21295,3.6734102,0.03121628990162137,6.537062990116962,53.671323241591686,4.191705178062569,49.48694355301119,2494.6129032258063
2009-04-01 00:00:00,284.043,1.9914297,-0.331101642286541,6.537062990116962,53.671323241591686,4.191705178062569,49.48694355301119,3028.133333333333
2009-05-01 00:00:00,286.71448,3.2981753,0.351733101189869,6.537062990116962,53.671323241591686,4.191705178062569,49.48694355301119,2657.548387096774
2009-06-01 00:00:00,287.97113,5.234371,1.060604275830644,6.537062990116962,53.671323241591686,3.8307715717613613,48.04522851984607,3276.3333333333335
2009-07-01 00:00:00,290.9511,4.333542,1.258953942655084,6.537062990116962,53.671323241591686,3.8307715717613613,48.04522851984607,3016.6774193548385
2009-08-01 00:00:00,291.60043,2.7784677,1.4754555638286164,6.537062990116962,53.671323241591686,3.8307715717613613,48.04522851984607,1973.5806451612902
2009-09-01 00:00:00,287.69733,2.1847153,1.162877406814593,6.537062990116962,53.671323241591686,3.8307715717613613,48.04522851984607,1578.5
2009-10-01 00:00:00,280.81818,2.6297286,0.25121253173180774,6.537062990116962,53.671323241591686,3.8307715717613613,48.04522851984607,1367.0967741935483
2009-11-01 00:00:00,278.4801,2.7552643,-0.40349982506309956,6.537062990116962,53.671323241591686,3.8307715717613613,48.04522851984607,1326.0333333333333
2009-12-01 00:00:00,271.9988,3.0622504,-0.283081703214715,3.9502869382228254,51.949873537579215,3.8307715717613613,48.04522851984607,1399.7096774193549
2010-01-01 00:00:00,268.72818,1.961755,-0.37765480146681524,3.9502869382228254,51.949873537579215,3.8307715717613613,48.04522851984607,1203.483870967742
2010-02-01 00:00:00,271.70667,2.0851617,-0.6091391922881396,3.9502869382228254,51.949873537579215,3.8307715717613613,48.04522851984607,1168.6785714285713
2010-03-01 00:00:00,276.0904,1.9754608,-0.9373975986533183,3.9502869382228254,51.949873537579215,3.8307715717613613,48.04522851984607,1788.3225806451612
2010-04-01 00:00:00,281.21274,1.8764052,-1.4179600188617958,3.9502869382228254,51.949873537579215,3.8307715717613613,48.04522851984607,1493.3666666666666
2010-05-01 00:00:00,284.1837,5.347387,-0.009530391208848535,3.9502869382228254,51.949873537579215,3.8307715717613613,48.04522851984607,2046.1290322580646
2010-06-01 00:00:00,289.3155,3.8556461,0.6779216733591066,3.9502869382228254,51.949873537579215,3.3224694102397807,52.06639654222267,3475.733333333333
2010-07-01 00:00:00,292.63144,4.028743,1.3301683766185892,3.9502869382228254,51.949873537579215,3.3224694102397807,52.06639654222267,2237.483870967742
2010-08-01 00:00:00,289.67078,5.8042946,2.2154505069281822,3.9502869382228254,51.949873537579215,3.3224694102397807,52.06639654222267,2695.4193548387098
2010-09-01 00:00:00,284.81216,3.743701,1.89888720688321,3.9502869382228254,51.949873537579215,3.3224694102397807,52.06639654222267,2102.766666666667
2010-10-01 00:00:00,279.8322,1.9124949,1.434347236974757,3.9502869382228254,51.949873537579215,3.3224694102397807,52.06639654222267,1287.5806451612902
2010-11-01 00:00:00,277.47037,3.5536258,1.3036996387726625,3.9502869382228254,51.949873537579215,3.3224694102397807,52.06639654222267,1289.0666666666666
2010-12-01 00:00:00,269.11148,3.3006647,0.47774382869208415,3.176571823404543,37.345899677414145,3.3224694102397807,52.06639654222267,1682.741935483871
2011-01-01 00:00:00,271.97714,1.828821,-0.2984778880944967,3.176571823404543,37.345899677414145,3.3224694102397807,52.06639654222267,2465.3870967741937
2011-02-01 00:00:00,272.4659,1.0007672,-0.6856797579103115,3.176571823404543,37.345899677414145,3.3224694102397807,52.06639654222267,1509.9642857142858
2011-03-01 00:00:00,277.44803,1.4506601,-1.541901233873982,3.176571823404543,37.345899677414145,3.3224694102397807,52.06639654222267,1324.225806451613
2011-04-01 00:00:00,283.6493,1.5099062,-2.202794137747366,3.176571823404543,37.345899677414145,3.3224694102397807,52.06639654222267,1351.0
2011-05-01 00:00:00,286.45334,2.5327594,-1.9499946390439862,3.176571823404543,37.345899677414145,3.3224694102397807,52.06639654222267,1355.4516129032259
2011-06-01 00:00:00,289.38828,4.125943,-0.7130102850097463,3.176571823404543,37.345899677414145,3.7517513721378393,49.390903444881154,1769.2
2011-07-01 00:00:00,289.1255,4.8001394,0.6469945443165718,3.176571823404543,37.345899677414145,3.7517513721378393,49.390903444881154,1940.225806451613
2011-08-01 00:00:00,291.2335,3.0630023,1.1600979421132651,3.176571823404543,37.345899677414145,3.7517513721378393,49.390903444881154,1846.2903225806451
2011-09-01 00:00:00,288.32404,2.6813245,1.2043526097574357,3.176571823404543,37.345899677414145,3.7517513721378393,49.390903444881154,1412.6666666666667
2011-10-01 00:00:00,281.2122,2.5183616,0.6807535904591331,3.176571823404543,37.345899677414145,3.7517513721378393,49.390903444881154,1714.1935483870968
2011-11-01 00:00:00,276.16394,0.3807273,-1.119353270551935,3.176571823404543,37.345899677414145,3.7517513721378393,49.390903444881154,951.4666666666667
2011-12-01 00:00:00,274.61044,3.503381,-0.9377444090668239,3.7851316728163753,51.14687706122538,3.7517513721378393,49.390903444881154,1284.8064516129032
2012-01-01 00:00:00,272.7695,3.6335273,-0.5362487122282091,3.7851316728163753,51.14687706122538,3.7517513721378393,49.390903444881154,2457.8064516129034
2012-02-01 00:00:00,268.42737,1.4770217,-0.9747698184003765,3.7851316728163753,51.14687706122538,3.7517513721378393,49.390903444881154,1496.5172413793102
2012-03-01 00:00:00,279.12457,0.94769335,-0.7373633444910469,3.7851316728163753,51.14687706122538,3.7517513721378393,49.390903444881154,2184.6451612903224
2012-04-01 00:00:00,281.03568,2.6855829,-1.0782462753809305,3.7851316728163753,51.14687706122538,3.7517513721378393,49.390903444881154,2046.0666666666666
2012-05-01 00:00:00,286.69318,2.6171663,-1.4850254403275187,3.7851316728163753,51.14687706122538,3.7517513721378393,49.390903444881154,2291.064516129032
2012-06-01 00:00:00,289.77472,4.310519,-0.31316050786352656,3.7851316728163753,51.14687706122538,4.431360114332541,46.466615679220425,3039.8333333333335
2012-07-01 00:00:00,291.03317,4.450892,1.0185981474501407,3.7851316728163753,51.14687706122538,4.431360114332541,46.466615679220425,2173.2903225806454
2012-08-01 00:00:00,291.70062,3.1518428,1.1626745188429912,3.7851316728163753,51.14687706122538,4.431360114332541,46.466615679220425,1620.8064516129032
2012-09-01 00:00:00,286.73904,3.0035393,1.275991940179864,3.7851316728163753,51.14687706122538,4.431360114332541,46.466615679220425,1914.2333333333333
2012-10-01 00:00:00,281.21475,2.8907337,0.8320741788846496,3.7851316728163753,51.14687706122538,4.431360114332541,46.466615679220425,1579.483870967742
2012-11-01 00:00:00,277.78885,3.1535692,0.358612168574656,3.7851316728163753,51.14687706122538,4.431360114332541,46.466615679220425,1487.0
2012-12-01 00:00:00,272.23138,3.0075104,0.3021756437115694,6.930549632390543,55.74325053700553,4.431360114332541,46.466615679220425,1901.9354838709678
2013-01-01 00:00:00,271.8926,2.7896957,0.21735147364156351,6.930549632390543,55.74325053700553,4.431360114332541,46.466615679220425,2526.8709677419356
2013-02-01 00:00:00,271.21896,3.0009153,0.2612310724801372,6.930549632390543,55.74325053700553,4.431360114332541,46.466615679220425,2335.6071428571427
2013-03-01 00:00:00,273.5825,2.4353116,-0.030654682706851483,6.930549632390543,55.74325053700553,4.431360114332541,46.466615679220425,1805.0
2013-04-01 00:00:00,281.35516,2.5066655,-0.24052365395040806,6.930549632390543,55.74325053700553,4.431360114332541,46.466615679220425,2228.0
2013-05-01 00:00:00,284.37827,5.5401793,0.8273321510418382,6.930549632390543,55.74325053700553,4.431360114332541,46.466615679220425,2634.6774193548385
2013-06-01 00:00:00,288.5996,4.57686,1.3163718909028175,6.930549632390543,55.74325053700553,3.1079996931969727,56.374709189629264,4939.466666666666
2013-07-01 00:00:00,292.5861,1.9710171,1.181907438013865,6.930549632390543,55.74325053700553,3.1079996931969727,56.374709189629264,1994.258064516129
2013-08-01 00:00:00,291.08878,3.1918626,1.377717683619575,6.930549632390543,55.74325053700553,3.1079996931969727,56.374709189629264,1476.516129032258
2013-09-01 00:00:00,285.91562,3.8587618,0.8663783674736538,6.930549632390543,55.74325053700553,3.1079996931969727,56.374709189629264,1981.9666666666667
2013-10-01 00:00:00,282.7408,2.6869566,0.16395051119241752,6.930549632390543,55.74325053700553,3.1079996931969727,56.374709189629264,1618.0
2013-11-01 00:00:00,276.7394,3.465019,0.7302735074494854,6.930549632390543,55.74325053700553,3.1079996931969727,56.374709189629264,1811.0333333333333
2013-12-01 00:00:00,274.1858,1.5550584,0.10603867050430667,5.3056422878394995,47.08552207954007,3.1079996931969727,56.374709189629264,1273.225806451613
2014-01-01 00:00:00,274.13672,2.455783,-0.48231869508547226,5.3056422878394995,47.08552207954007,3.1079996931969727,56.374709189629264,1147.774193548387
2014-02-01 00:00:00,275.5824,2.6387577,-0.5028175684678681,5.3056422878394995,47.08552207954007,3.1079996931969727,56.374709189629264,1150.892857142857
2014-03-01 00:00:00,279.32397,1.4883993,-1.3232759877258768,5.3056422878394995,47.08552207954007,3.1079996931969727,56.374709189629264,1063.8387096774193
2014-04-01 00:00:00,282.82068,2.5862098,-0.9021747818907732,5.3056422878394995,47.08552207954007,3.1079996931969727,56.374709189629264,1296.2
2014-05-01 00:00:00,284.86353,4.223872,-0.1543191889482483,5.3056422878394995,47.08552207954007,3.1079996931969727,56.374709189629264,2441.0967741935483
2014-06-01 00:00:00,289.2376,2.5790484,-0.17941572275603698,5.3056422878394995,47.08552207954007,2.90848369728633,49.574139429143464,1698.0
2014-07-01 00:00:00,291.3123,5.4028325,1.2399662197592956,5.3056422878394995,47.08552207954007,2.90848369728633,49.574139429143464,1863.3225806451612
2014-08-01 00:00:00,288.83615,4.6221776,1.7651840310172249,5.3056422878394995,47.08552207954007,2.90848369728633,49.574139429143464,2359.3870967741937
2014-09-01 00:00:00,286.9754,3.8292196,1.6729239544411911,5.3056422878394995,47.08552207954007,2.90848369728633,49.574139429143464,2281.4
2014-10-01 00:00:00,283.71906,2.7168663,1.7056116406440416,5.3056422878394995,47.08552207954007,2.90848369728633,49.574139429143464,1879.2903225806451
2014-11-01 00:00:00,279.03708,2.8073354,0.9902975307022256,5.3056422878394995,47.08552207954007,2.90848369728633,49.574139429143464,1568.0666666666666
2014-12-01 00:00:00,274.5966,2.3808665,0.1743107398786042,8.41686461071158,48.02992318314723,2.90848369728633,49.574139429143464,1166.9354838709678
2015-01-01 00:00:00,273.6094,3.0923672,-0.12906947611542482,8.41686461071158,48.02992318314723,2.90848369728633,49.574139429143464,2061.032258064516
2015-02-01 00:00:00,272.47302,1.3717129,-0.6990498790488904,8.41686461071158,48.02992318314723,2.90848369728633,49.574139429143464,1244.5
2015-03-01 00:00:00,277.3761,2.1980705,-0.9546979220723331,8.41686461071158,48.02992318314723,2.90848369728633,49.574139429143464,1466.6451612903227
2015-04-01 00:00:00,281.1616,2.044764,-1.0933789427904432,8.41686461071158,48.02992318314723,2.90848369728633,49.574139429143464,2032.7333333333333
2015-05-01 00:00:00,285.68933,3.8468087,-0.7796433250426708,8.41686461071158,48.02992318314723,2.90848369728633,49.574139429143464,2826.2258064516127
2015-06-01 00:00:00,289.48926,3.2201028,0.0009460388176063074,8.41686461071158,48.02992318314723,4.1129399759303915,50.573201816965096,2324.4666666666667
2015-07-01 00:00:00,293.465,2.3312304,0.05578945370538429,8.41686461071158,48.02992318314723,4.1129399759303915,50.573201816965096,1448.6451612903227
2015-08-01 00:00:00,293.15024,2.7629747,0.34359798745248893,8.41686461071158,48.02992318314723,4.1129399759303915,50.573201816965096,1210.1612903225807
2015-09-01 00:00:00,285.94638,3.0328991,0.016414153781973223,8.41686461071158,48.02992318314723,4.1129399759303915,50.573201816965096,1114.8
2015-10-01 00:00:00,281.04553,2.9256737,-0.10590482579064907,8.41686461071158,48.02992318314723,4.1129399759303915,50.573201816965096,1139.3225806451612
2015-11-01 00:00:00,278.99933,2.23618,-0.1457190606764225,8.41686461071158,48.02992318314723,4.1129399759303915,50.573201816965096,943.8666666666667
2015-12-01 00:00:00,276.378,0.7898898,-0.9789216533052649,7.382153045697431,55.19556405814764,4.1129399759303915,50.573201816965096,1120.2903225806451
2016-01-01 00:00:00,272.42496,2.5600276,-1.1729583967031902,7.382153045697431,55.19556405814764,4.1129399759303915,50.573201816965096,1151.9354838709678
2016-02-01 00:00:00,275.89383,3.9296303,-0.7567293332562044,7.382153045697431,55.19556405814764,4.1129399759303915,50.573201816965096,2233.655172413793
2016-03-01 00:00:00,276.51004,2.218637,-0.7641260386924165,7.382153045697431,55.19556405814764,4.1129399759303915,50.573201816965096,1476.774193548387
2016-04-01 00:00:00,281.117,2.8670082,0.10991069360746283,7.382153045697431,55.19556405814764,4.1129399759303915,50.573201816965096,1660.6666666666667
2016-05-01 00:00:00,285.5809,4.2521214,0.7529713250528739,7.382153045697431,55.19556405814764,4.1129399759303915,50.573201816965096,2189.8387096774195
2016-06-01 00:00:00,289.59372,4.9625325,1.0925900068914607,7.382153045697431,55.19556405814764,4.112102255911358,51.411357753818265,3270.5
2016-07-01 00:00:00,291.69275,4.322706,1.6660016033970022,7.382153045697431,55.19556405814764,4.112102255911358,51.411357753818265,2649.4193548387098
2016-08-01 00:00:00,290.4739,2.822108,1.6552047309459974,7.382153045697431,55.19556405814764,4.112102255911358,51.411357753818265,2182.7741935483873
2016-09-01 00:00:00,288.8718,2.150404,1.0794143991698255,7.382153045697431,55.19556405814764,4.112102255911358,51.411357753818265,1580.1
2016-10-01 00:00:00,280.7413,2.8500638,0.33741956726269656,7.382153045697431,55.19556405814764,4.112102255911358,51.411357753818265,1300.9032258064517
2016-11-01 00:00:00,276.23816,2.623032,-0.36210584353476366,7.382153045697431,55.19556405814764,4.112102255911358,51.411357753818265,1406.6666666666667
2016-12-01 00:00:00,272.94766,0.7518381,-1.2281552186501266,8.316879424543602,48.372933158290735,4.112102255911358,51.411357753818265,1048.6451612903227
2017-01-01 00:00:00,267.93182,1.5466385,-1.4678180970963317,8.316879424543602,48.372933158290735,4.112102255911358,51.411357753818265,901.7741935483871
2017-02-01 00:00:00,274.89587,1.8823817,-1.8360277792479658,8.316879424543602,48.372933158290735,4.112102255911358,51.411357753818265,1459.5357142857142
2017-03-01 00:00:00,279.61462,2.2557461,-1.9709508092066839,8.316879424543602,48.372933158290735,4.112102255911358,51.411357753818265,2085.0967741935483
2017-04-01 00:00:00,280.29288,3.2069228,-1.0173789963881203,8.316879424543602,48.372933158290735,4.112102255911358,51.411357753818265,1664.5666666666666
2017-05-01 00:00:00,286.64682,2.6951776,-0.5344499192153456,8.316879424543602,48.372933158290735,4.112102255911358,51.411357753818265,2280.1935483870966
2017-06-01 00:00:00,291.28885,3.177387,0.011473360189869546,8.316879424543602,48.372933158290735,4.804480732664292,51.13187743053502,1592.2
2017-07-01 00:00:00,291.4744,4.0507817,0.7047424880979677,8.316879424543602,48.372933158290735,4.804480732664292,51.13187743053502,1807.0967741935483
2017-08-01 00:00:00,291.72977,3.4833598,0.8012119313379683,8.316879424543602,48.372933158290735,4.804480732664292,51.13187743053502,1986.5806451612902
2017-09-01 00:00:00,284.8999,4.3993125,1.3309124716580838,8.316879424543602,48.372933158290735,4.804480732664292,51.13187743053502,2147.8333333333335
2017-10-01 00:00:00,282.81427,2.441107,1.1154227521123623,8.316879424543602,48.372933158290735,4.804480732664292,51.13187743053502,1592.3225806451612
2017-11-01 00:00:00,276.50937,3.3252943,0.8833202204488687,8.316879424543602,48.372933158290735,4.804480732664292,51.13187743053502,1792.5333333333333
2017-12-01 00:00:00,273.2914,3.0577197,0.7375892519184433,4.843603506814635,56.22323113037211,4.804480732664292,51.13187743053502,1651.1290322580646
2018-01-01 00:00:00,275.16208,3.3047113,0.3309924225312215,4.843603506814635,56.22323113037211,4.804480732664292,51.13187743053502,2800.3870967741937
2018-02-01 00:00:00,269.95572,1.687061,0.02778258244649954,4.843603506814635,56.22323113037211,4.804480732664292,51.13187743053502,1668.107142857143
2018-03-01 00:00:00,274.74704,2.49132,-0.3217041485404156,4.843603506814635,56.22323113037211,4.804480732664292,51.13187743053502,1430.2903225806451
2018-04-01 00:00:00,285.25143,1.6181371,-0.9304877832003476,4.843603506814635,56.22323113037211,4.804480732664292,51.13187743053502,2074.9666666666667
2018-05-01 00:00:00,288.3063,3.5124865,-0.8436673778183783,4.843603506814635,56.22323113037211,4.804480732664292,51.13187743053502,1931.0645161290322
2018-06-01 00:00:00,290.4028,3.410202,-0.11453521090039238,4.843603506814635,56.22323113037211,3.0883683027757716,56.30637909466466,1880.2666666666667
2018-07-01 00:00:00,292.39822,2.64089,-0.052136150894463204,4.843603506814635,56.22323113037211,3.0883683027757716,56.30637909466466,1392.032258064516
2018-08-01 00:00:00,292.92468,2.8071141,0.42457704713947236,4.843603506814635,56.22323113037211,3.0883683027757716,56.30637909466466,1017.483870967742
2018-09-01 00:00:00,287.91833,2.5407197,0.037719364457278914,4.843603506814635,56.22323113037211,3.0883683027757716,56.30637909466466,1154.4
2018-10-01 00:00:00,283.43198,2.481331,-0.35172632604333043,4.843603506814635,56.22323113037211,3.0883683027757716,56.30637909466466,974.1290322580645
2018-11-01 00:00:00,277.6715,1.4682616,-0.8485210033578456,4.843603506814635,56.22323113037211,3.0883683027757716,56.30637909466466,847.1
2018-12-01 00:00:00,274.1931,3.4654067,-0.5703691824700986,6.048465544203039,51.94736198257923,3.0883683027757716,56.30637909466466,1586.258064516129
2019-01-01 00:00:00,271.3757,3.282611,-0.25530540884485353,6.048465544203039,51.94736198257923,3.0883683027757716,56.30637909466466,1904.532930107527
2019-02-01 00:00:00,275.20425,1.6126031,-0.624225797361534,6.048465544203039,51.94736198257923,3.0883683027757716,56.30637909466466,1659.5089285714287
2019-03-01 00:00:00,278.6738,2.4884715,-0.19138508292639902,6.048465544203039,51.94736198257923,3.0883683027757716,56.30637909466466,2601.676747311828
2019-04-01 00:00:00,281.9989,2.5870025,-0.5640085597126465,6.048465544203039,51.94736198257923,3.0883683027757716,56.30637909466466,2036.8208333333334
2019-05-01 00:00:00,283.13147,4.7916875,0.07089901721450746,6.048465544203039,51.94736198257923,3.0883683027757716,56.30637909466466,2871.9475806451615
2019-06-01 00:00:00,292.88962,2.5305614,0.4349113685162176,6.048465544203039,51.94736198257923,3.345145393679576,49.84845622438922,3079.5243055555557
2019-07-01 00:00:00,292.07767,3.12125,0.6691923697414212,6.048465544203039,51.94736198257923,3.345145393679576,49.84845622438922,1725.5846774193549
2019-08-01 00:00:00,291.91202,3.5968504,1.0110188230569037,6.048465544203039,51.94736198257923,3.345145393679576,49.84845622438922,1635.3555107526881
2019-09-01 00:00:00,286.8886,2.7591445,0.283437368831391,6.048465544203039,51.94736198257923,3.345145393679576,49.84845622438922,1352.3125
2019-10-01 00:00:00,283.3185,2.7620497,0.37397987959211415,6.048465544203039,51.94736198257923,3.345145393679576,49.84845622438922,1278.157258064516
2019-11-01 00:00:00,277.9288,4.022864,0.708510759708209,6.048465544203039,51.94736198257923,3.345145393679576,49.84845622438922,1328.704861111111
2019-12-01 00:00:00,274.91068,2.5637221,0.32275415882424563,5.984918239042829,51.9588992713837,3.345145393679576,49.84845622438922,1199.5470430107528
2020-01-01 00:00:00,273.44147,1.0537233,-0.380475285090831,5.984918239042829,51.9588992713837,3.345145393679576,49.84845622438922,1064.6364247311828
2020-02-01 00:00:00,276.77072,3.6128147,-0.02248949720910432,5.984918239042829,51.9588992713837,3.345145393679576,49.84845622438922,2335.935344827586
2020-03-01 00:00:00,277.35193,2.1683025,-0.8060654566275451,5.984918239042829,51.9588992713837,3.345145393679576,49.84845622438922,1810.3212365591398
2020-04-01 00:00:00,282.9226,0.95408684,-1.4610363480660622,5.984918239042829,51.9588992713837,3.345145393679576,49.84845622438922,1349.3986111111112
2020-05-01 00:00:00,284.68027,3.1025105,-0.6204781531147522,5.984918239042829,51.9588992713837,3.345145393679576,49.84845622438922,1576.5396505376343
2020-06-01 00:00:00,288.99692,5.3920703,0.12685318506203008,5.984918239042829,51.9588992713837,3.4643440200509286,50.159699624482904,2214.202083333333
2020-07-01 00:00:00,291.12393,3.0425854,0.47047031140771245,5.984918239042829,51.9588992713837,3.4643440200509286,50.159699624482904,2051.8259408602153
2020-08-01 00:00:00,292.03638,5.0140424,1.7009263413863054,5.984918239042829,51.9588992713837,3.4643440200509286,50.159699624482904,2126.8098118279568
2020-09-01 00:00:00,287.5883,2.970751,1.6696154984776697,5.984918239042829,51.9588992713837,3.4643440200509286,50.159699624482904,1794.2006944444445
2020-10-01 00:00:00,281.81924,4.250206,1.3770780659355473,5.984918239042829,51.9588992713837,3.4643440200509286,50.159699624482904,1746.551747311828
2020-11-01 00:00:00,277.3317,0.8911821,0.7032936010946713,5.984918239042829,51.9588992713837,3.4643440200509286,50.159699624482904,1460.1222222222223
2020-12-01 00:00:00,274.1498,3.2725456,0.03185876039180519,9.338397878623363,52.18284781636192,3.4643440200509286,50.159699624482904,1110.9543010752689
2021-01-01 00:00:00,271.7117,3.351373,0.18679582215129656,9.338397878623363,52.18284781636192,3.4643440200509286,50.159699624482904,1187.1290322580646
2021-02-01 00:00:00,274.02258,2.009341,-0.7530540851518368,9.338397878623363,52.18284781636192,3.4643440200509286,50.159699624482904,2044.732886904762
2021-03-01 00:00:00,276.38474,1.7131561,-0.4042479421730594,9.338397878623363,52.18284781636192,3.4643440200509286,50.159699624482904,1352.4341397849462
2021-04-01 00:00:00,278.65695,2.0924327,-0.9033628767019798,9.338397878623363,52.18284781636192,3.4643440200509286,50.159699624482904,1393.4375
2021-05-01 00:00:00,283.2632,4.9700136,-0.21842212852338827,9.338397878623363,52.18284781636192,3.4643440200509286,50.159699624482904,2176.1848118279568
2021-06-01 00:00:00,291.6724,3.7268047,0.47469014354792183,9.338397878623363,52.18284781636192,2.6768672539081173,55.31992590909819,2251.9972222222223
2021-07-01 00:00:00,291.42767,5.133437,1.5471884015071298,9.338397878623363,52.18284781636192,2.6768672539081173,55.31992590909819,2624.1559139784945
2021-08-01 00:00:00,289.36612,4.7963343,2.1393409022221594,9.338397878623363,52.18284781636192,2.6768672539081173,55.31992590909819,2520.1794354838707
2021-09-01 00:00:00,287.66394,1.9425963,1.4635233163953338,9.338397878623363,52.18284781636192,2.6768672539081173,55.31992590909819,1748.19375
2021-10-01 00:00:00,281.2485,1.6960163,0.8562411676736781,9.338397878623363,52.18284781636192,2.6768672539081173,55.31992590909819,1196.5638440860216
2021-11-01 00:00:00,276.33853,2.5860844,-0.11918703434248819,9.338397878623363,52.18284781636192,2.6768672539081173,55.31992590909819,1075.3229166666667
2021-12-01 00:00:00,273.574,2.7124977,-0.9985702418773764,5.013166266112111,45.47751309197356,2.6768672539081173,55.31992590909819,1487.513786146604
